,chi_sim,eng,file,fra,spa
0,"… | { naturaly derved番 pu门ya made inusa 园 3铑 :: 董冒 mother ofal| creams 旦c coel 国“ 腾 combats tchy skin, cracked skin, skin redness and sellng 呈嗣 “advanced 13-in-1natural formula 亘i istant & lasting ltch relief 60 /reduces redness & swelling 383 川 |intensive moisturizer 】i 伟 7","| dpuriys e| mother of all creams |= ==m skin, cracked skin, skin redness and sweling jll i ¥ advanced 13-in-1 natural formula ii :qstant& lasting itch relief 450 1educes redness & swelling 183mintensive moisturizere",images/81vt8Z5kjOL._SL1500_.jpg,"l opuriya *met=tde 102 | moc t s=— sesiwëîsî skin, cracked skin, skin redness and sweling j : è * advanced 13-in-1 natural formula äl ëstant& lasting itch relief 450 h;educes redness & swelling 133mintensive moisturizerp","qpuriya — —| motherof all creams — f= ===wí skin, cracked skin, skin redness andsweling b - ! y advanced 13-1n-1 natural formula 5i :ºstant& lasting ltch relief 4507 '¡educes redness 8. swelling 133m —intensive moisturizeru"
1,ndc50580-312-08mediizine hydrochloridetablets/antiemetic| 晰删 〔〉 帅 2,", ndc 50580-312-08meclizine hydrochloride tablets/antiemeticf motion sickness,» f'r"";; ! )h ')“‘;[/ {.“1“)“‘/",images/spin_prod_ec_796525501.jpg,", ndc 50580-312-08meclizine hydrochloride tablets/antiemeticurllle 1u o os (eaalax.» fr""… | ’m ’)“‘r!/ <r.""|\‘ij",", ndc50580-312-08meclizine hydrochloride tablets/antiemeticde dna ( a%.» ¡r""… 1 )m …“:íí <r."";(¡f/"
2,"… | { naturaly derved番 pu门ya made inusa 园 3铑 :: 董冒 mother ofal| creams 旦c coel 国“ 腾 combats tchy skin, cracked skin, skin redness and sellng 呈嗣 “advanced 13-in-1natural formula 亘i istant & lasting ltch relief 60 /reduces redness & swelling 383 川 |intensive moisturizer 】i 伟 7","| dpuriys e| mother of all creams |= ==m skin, cracked skin, skin redness and sweling jll i ¥ advanced 13-in-1 natural formula ii :qstant& lasting itch relief 450 1educes redness & swelling 183mintensive moisturizere",images/81vt8Z5kjOL._SL1500_.jpg,"l opuriya *met=tde 102 | moc t s=— sesiwëîsî skin, cracked skin, skin redness and sweling j : è * advanced 13-in-1 natural formula äl ëstant& lasting itch relief 450 h;educes redness & swelling 133mintensive moisturizerp","qpuriya — —| motherof all creams — f= ===wí skin, cracked skin, skin redness andsweling b - ! y advanced 13-1n-1 natural formula 5i :ºstant& lasting ltch relief 4507 '¡educes redness 8. swelling 133m —intensive moisturizeru"
3,ndc50580-312-08mediizine hydrochloridetablets/antiemetic| 晰删 〔〉 帅 2,", ndc 50580-312-08meclizine hydrochloride tablets/antiemeticf motion sickness,» f'r"";; ! )h ')“‘;[/ {.“1“)“‘/",images/spin_prod_ec_796525501.jpg,", ndc 50580-312-08meclizine hydrochloride tablets/antiemeticurllle 1u o os (eaalax.» fr""… | ’m ’)“‘r!/ <r.""|\‘ij",", ndc50580-312-08meclizine hydrochloride tablets/antiemeticde dna ( a%.» ¡r""… 1 )m …“:íí <r."";(¡f/"
4,河restorbganie dietary supplement180 vegetarian capsule>,£restorégan® dietary supplement180 vegetarian capsule®,images/Enzy-Restore.jpg,$restoréganie dietary supplement180 vegetarian capsule*,£restoregan dietary supplement —180 vegetarian capsules
5,l 去 妻目 痕gmp lnoloacnholosm一〇 minix0phthalmology dropsf0g006s n cafsindicationsd ketts (leofoac hcl05d conoetntisd swelid pprond bleid ntammaton o n x日 amoooss minimmamoloey dwk,| —ophthalmology dropsfor dogs and catsindicationso keratitis (levofioxacin hcl 0.5*> o conjunctivitiso swellingo epiphorao eyelid inflammation 0 n x5 omitaimorross mniophthalmology drop,images/TB1fWrVJVXXXXaOXXXXXXXXXXXX_!!2-item_pic.jpg,pophthalmology dropsfor dogs and catsindicationsd keratitis (levofloxacin hcl 0 5*> o conjunctivitiso swelling© epiphora© eyelid inflammation ° n x© opiaimorrosis mniophthalmology drofs,——]]ophthalmology dropsfor dogs and catsindications'o keratitis (levofloxacin hcl 05*> o conjunctivitis' swellngl epiphora'l eyelid inflammation o n xel opimalmorross mniophthalmology drofs
6,loratadine tabletsl 朋 l,"loratadine tabletsusp, 10 mg",images/00011822316453_1.jpg,"loratadine tabletsusp, 10 mg",loratadine tabletsu oo
7,"石 吊 ,-gccx0o#1 〇 organic medicine_  no drug interactionsy 仪arnicaa 阜 儿 卜 a7 东organic pain relief:5 ingredients for painmuscle pain & l 切05 目 大 长 6 l",’      o2 b-géenexa#1 organic medicine no drug interactionsarnica'\ b ‘_’\_! \\)j_\_advantage™organic pain relief*5 ingredients for painmuscle pain &rl =ft ;bruises & swelling*  chewabletablets homeopathic,images/1.jpg,"‘      - a-genexo#1 organic medicine no drug interactionsarnicamn vr ._'\_! \\)*/_\_advantage""organic pain relief*5 ingredients for painmuscle pain & ‘joint pain ‘bruises & swelling*  chewabletablets homeopathic","z      . .--geneexa.h organic medicine nan nearnicatu jx_¡ xq_…_advantage""organic pain relief*e 11 o] n[n (eae te !bruises 8 swelling*  etablets homeopathic"
8,eallergydiphenhydramine hci 25mg | antihistamine   c u园 o'tchythr。at*辈n』亨彗h仓荨集彗s actual size 24 tablets吴 吴 吴 吴 吴 吴 吴 吴 吴 吴 吴 吴 吴 吴 吴 吴 吴 吴 吴 吴 吴 吴 吴 吴 吴 吴 吴,"allergydiphenhydramine hci 25mg | antihistamine   t i - t a [t@ ltchy, watery eyes < ltchy throat*!‘rlnlzn.lrghlaerﬁgs r n 24 tabletse",images/00312547170314.jpg,"allergydiphenhydramine hci 25mg | antihistamine   ©sneezing t det© ltchy, watery eyes d |s ai de zen*enäïlﬁhl&!äzês étace un 24 tabletsm e e","allergydiphenhydramine hci 25mg | antihistamine   o sneezing — inac) itchy, watery eyes se ace*ynlz:l.rghlata!ºz?s emue nn 24 tab|.etss"
9,ndc 50114-6165-2czeel`_`_-_._arthritis pain relieffor the temporary relief of:minor joint painand stiffnesshomeopathic medicine100 tablets 2 h e,ndc 50114-6165-2—zeel‘ﬁarthritis pain relieffor the temporary relief of:minor joint painand stiffnesshomeopathic medicine100 tablets hee,images/zeel_1024x1024.jpg,ndc 50114-6165-2—zeel‘_arthritis pain relieffor the temporary relief of:minor joint painand stiffnesshomeopathic medicine100 tablets 7 hee,ndc 50114-6165-2——][o[z——lzeelwrarthritis pain relieffor the temporary relief of:minor joint painand stiffnesshomeopathic medicine100 tablets _ hee
10,"一 runny nose, sn6ezing一 ltchy, watery eyes国 eitsedictuuid言 nasal congestiong 0e[20% usp 2",t al (a r clrlgo c al~ sinus pain & pressureb pr lg[ (n2natrabio (30 ml)natural homeopathic medicine20% usp alcohol,images/1c4b5154305f3a0c27b61a589cae322c--asthma-relief-allergy-relief.jpg,"— runny nose, sneezing- itchy, watery eyes© sinus pain & pressurere a c qu[ 1804natrabio (30 ml)rp re an t20% usp alcohol","— runny nose, sa— ltchy, watery eyes— sinus pain % pressureee5) nanatrabio (enatural homeopathic medicineea"
11,"5levmetamfetamine 50 .l1elieffrom nasalt:ongestion due to(:olds,hay fever, allergies    i 讳 h soothingnentholyapors net wt 0.007020(","'levmetamfetamine 50 -ilief from nasalongestion due toi:olds, hay fever, allergies  with soothingrenthol vapors net wt 0.007 0z(",images/00011822302944.jpg,";levmetamfetamine 50 —llief from nasalongestion due to(zolds, hay fever, allergies  iwith soothingrentholvapors … netwt 0.007 0z(",",levmetamfetamine 50 —ilief from nasalongestion due toolds, hay fever, allergies  with soothingnentholvapors — netwt 0007070"
12,r“s_03w人 一 友尸 b,pharmacy tcompare to the active ingredient  §'\% in pramamine® tabletss -n=~e*%x an o= 7= o= ¢x dimenhydrinate tablets/asickness relief 36 ————,images/449014_1280x720.jpg,pharmacy tcompare tothe active ingredient  \5% in dramamine* tabletss ::se;= ©p> .*è:; “v 9s3: ûs d= *sz dimenhydrinate tablets/ àsickness relief 6 ——,"pharmacy +compare to the active ingredient  $% in pramamine* tablets-,.— -= a*%:; uii< o! q— d== +x dimenhydrinate tablets/asickness relief 38 — —"
13,玲1ndc 63654-526-69u  lorotodfye a//e′′gy“ b/ets u5p 10 mgfjrrazrsje7f 7 印 077 d l l 招_10l2zz3re/ief of: sneezing; runny noser /tchy:watery eyes「 /tchy throat or nose-,"==nndc 63654-526-69  loratadine a i i er g ytablets usp, 10 mg24]hourallergylrelief;indoor & outdoor allergies )(1) rablets &relief of: sneezing; runny nose; itchy,watery eyes, ltchy throat or nose.",images/900 (3).jpg,"n3wndc 63654-526-69  loratadine a i i er g ytablets usp. 10 mg20 0m lmar 7 llindoor & outdoor allergiesjortiefrelief of: sneezing; runny nose; ltchy,watery eyes, ltchy throat or nose.","nenndc 63654-526-69  loratadine a i i er g ytablets usp, 10 mg24/hourallergy/reliefmn am10£relief of: sneezing; runny nose; itchy,watery eyes, itchy throat or nose."
14,heceseomealmuscle pan&stfessswelingfrom niuriesbnisingarnicar亨履ge\ qvihjerleeeroneyene,ndc 022090005muscle pain & stiffness arnicar$“gecuickly absorbd rks naturally.wilh your body,images/gallery-1494812328-arnicare-muscle-relief-rub-gel.jpg,noc 0220-0000.59muscle pain & stiffness arnicarÿgequickly absorbed rks naturallywth your body,indc 0220-0000-59muscle pain £ stiffness arnicar9“gequicdy absorbed rks naturallywilh your body
15,"sinus reliefnasalspraynasaldecongestant fast, powerful一 congestion relief“relieves painfulsinus pressureforcolds & allergies′ 1fl0z (30 mu)","b ==®pharmacysinus reliefnasalspraynasal decongestantfast, powerful| congestion relief| relieves painfulsinus pressure| for colds & allergies1floz (30 ml)p",images/00011822145763.jpg,"hj —®ii t etts7sinus reliefnasalspraynasal decongestantfast, powerful{_congestion relief|_relieves painfulsinus pressure( for colds & allergies1 fl 0z (30 ml)«","u ===opharmacysinus reliefnasalspraynasal decongestantfast, powerful— congestion relief— relieves painfulsinus pressure| for colds 8 allergies1floz (30 ml)e"
16,史仪3w河设吴8y pleme ju | ary e0 叉二l三、」_il_-^-4 d】et、 h| ze,ib=ketayogin;0 (val(0} ' ) ple] s as5 éé 113olmicr p,images/08-home-remedies-insomnia.jpg,kk=hveeetugl;o llaue(o) [ } 4n ts 11445se ëè |s(o]lmicr [,"em36""tayh,tuy"""";o tao] l r ple1n - ary.so e“s dieollte ["
17,"w 怀 纳 lzlaxzx 动 x《 x7a/yal/ 引国 events hotion siokness 更chewable `l 肉 , |_ 人 汀 以 l","u [t ][causes less drowsinessdoninee otn st |chewable ‘j.f_/g:/ .;-a""_j’j/ {protection",images/176140471808595.jpg,"lue oiue seuinlauses less drowsinessdonine[ts tn itrss àchewable ‘_j./j'j‘_‘/ 4-j'i_j,j/ |protection","works 4 times longercauses less drowsinessdboninere nn siiress ychewable 1jjj5_; .:-a'¡_j,j/ |protection"
18,el of 吴 sickne55国drowssine55a p「0tection with le55[ l [ juu e镳彗b:m[:|o2less 巳[y e 〇 q 尼 ae,"wnline. prevents up to 24 hours of vr uldrowsiness. protection with less@ lr yalcompare to the [l ' ingredient [lu drowsy ey"":<yw4:n""3less drowsy formla",images/spin_prod_ec_800880301.jpg,=mp l a ss 24 hours of motion sicknessd1a a til resndc co leu lsp a a [t l ingredient up pc formula”àë“:y3‘=*è30v te 14ese(o t ps,".no 24 hours of motion sicknessdelm o |( 0i( with lessndc enaucompare to the [etm ingred¡ent ofe pe [ ic,3nyve-n0]n —rndula"
19,"ndc 60986-1003-3allernesthomeopathic combinationmedicine 〕,indications: for reliefonorsymptoms due to alegc 1reactions.>> nestmann <<169 fi oz (50 mu",ndc 60986-1003-3allernesthomeopathic combinationmedicine ¥indications: for relief ofminor symptoms due to allergereactions.>>nestmann <<169 fi oz (50 ml),images/allernest-homeopathic-liquid-small-50-ml-by-marco-pharma.w710.h473.2x.jpg,ndc 60986-1003-3allernesthomeopathic combinationmedicine à_indications: for reliet ofminor symptoms due to allerge »reactions.>> nestmann <<169 fi oz (50 ml),ndc 60986-1003-3allernesthomeopathic combinationmedicine 3_indications: for relief ofminor symptoms due to allerge -+reactions.>> nestmann <<169 fi oz (50 ml)
20,"actfreherb“be active herbal formula extract 气liu wei di huang tang八 味 地 黄 满for professional use ah301e 5:1 concentrate granule 厂_\"" ' 气netwt. 100 g (3.53 oz)","actlveferbbe active herbal formula extract <liu wei di huang tange &bfor professional use ah301e5:1 concentrate granulenet wt. 100 g (3.53 oz),",images/liuweib.jpg,activeherb”be active herbal formula extract &liu wei di huang tang# 4% #3for professional use ah301e5:1 concentrate granulenet wt. 100 g (3.53 oz),"actíveherb""be active 7 en u7liu wei di huang tangrruelfor professional use ah301e5:1 concentrate granulenet wt. 100 g (3.53 oz)"
21,eaceauuzouneronefsz 2s hee s 途 河 c y 语 se 二 招 schemists「own「stomach ache & pain reliefrelief of acute stomach ache andlpaindue to cramps and spasmis2o tab_ets each tablet contains hyoscine butylbromide 10 mg austr232432,e a i = )stormach achie bc faan reet ~=s ar e =ltkeep out of reach of children  stomach ache & pain reliefrelief of acute stomach ache and' paindue to cramps and spasmsittt st s s sv e=p e s20 tablets each tablet contains hyoscine butylbromide 10 mg pv fep2e),images/9316360117205_co_stomach_ache_pain_relief_20_tabs_-_836007.jpg,l ss e s bi— à q e e ee ss a s enp e e b sq eukeep out of reach of children  stomach ache & pain reliefrelief of acute stomach ache and paindue to cramps and spasmsp ps sre sspp a20 ps 1e) =1 re ce hyoscine butylbromide 10 mg vui re eu),o ——l]——— — dssuomacoan aqae a p aa relhet “a =pharmacy medicineo e tno tn  stomach ache 8 pain reliefrelief of acute stomach ache andipaindue to cramps and spasmsi dtaa do20 tablets — each tablet contains hyoscine butylbromide 10 mg austr 232432
22,mqpain relief patchfast relief/代河b /醴′_2」叉ulus1 逊 3 口 道 l e 沥,mqpain relief patchfast relieffast relief of mild to moderate pain,images/product-image-230108822.jpg,mqpain relief patchfast relieflin a e ain e le a n,mqpain relief patchfast relieffast relief of mild to moderate pain
23,240 tabletsmeclizine hcibonamine25 mg chewabletabplet    antiemetic/ antirvertigo圃,240 tabletsmeclizine hcibonamine25 mg chewabletablet    anti-emetic / anti-vertigom,images/bonamine-240-Tabs.jpg,240 tabletsmeclizine hc:!bonamine25 mg chewabletablet    anti-emetic / anti-vertigow,240 tabletsmeclizine hcibonamine25 mg chewabletablet    anti-emetic / anti-vertigom
24,"ndpc 54973-3084-1homeopathic*u bru_罩e 认 明 人 1swell_n夸卜 squashingcstiffness stompincpain relief medicin_'__________"" 八 “]dic3 3fast & effective relief of:allmiq rapido y eficalbru191ng uoptrokswelling 小 cheazonstiffness 4c4reor4wvipnropain 2olor  aquick-di55olvyingc tableft5made in usa tabletas de rapida disolucion","ndc 54973-3084-1homeopathic*izl brui§e bustingsweli.ln(i squashingstiffness stompingpain relief medicinf—_\‘ arnicazexfast & effective relief of:alivio rapido y eficazbruising /oreronswelling inchazonstiffness :carroramienopain ooior  l ly,quick-dissolving tabletsmade in usa tabletas de rapida disolucion",images/4d0e34f9-c47a-42c9-8e1a-efabb06a223a_1.d3e68b9554bcd62f16c95d78e54e8731.jpg,i per e e oshomeopathic*ln bruiîe bustingswellin(î squashingstiffness stompingpain relief medicinf——\_ arnicaierfast & effective relief of:alivio rapido y eficazbruising voreronswelling -nchazonstiffness agarrotamientopain couor  equick-dissolving tabletsmade in usa tabletas de rapida disolucion,ndc 54973-3084-1homeopathic*m brui&e :uryenne)swellin(_5f squashingstiffness stompingznn ef———_ arnicazofast 8: effective relief of:alivio rapido y eficazbruising vorerónswelling =nchazónstiffness +garrotamientopain po.or  50quick-dissolving tabletsmade in usa tabletas de rápida disolución
25,lzl00-94969 3qn:cenexq#1l organic medicinen达tele 吴e张 g 婉,"1-2100-9£969 dncenexae#1 organic medicineheaabputaivanilla slavender [v 'r,fiedflavor 22""9moproject.org",images/81pclr8pzkL._SL1500_.jpg,-z100-9969 ion\cenexae#1 organic medicinuecl4593un v elavender [ver]fiedflavor dongmoproject.org,"1-z00-91969 2n""“cenexae41 organic medicincaoey o]vanilla smolavender |verifiedvo nongmoproject.org"
26,"in自 k_ngb】q safe & natural oral spraye taste-free, bio-energetically enhancedm, pure water bass 3 ndc# 5795561622蒯删恽耐 honeopatmic阮 ac 伟e ise je深 pain &joint芸 ˇ reliefa body achesun   stiffjoints    muscular sorene$s","ts- kmgblﬂ safe & natura| (lt tegl taste:free, bio-energerically enhanced™, pure water base 5 ndc# 5795561622wwﬁxm homeopathice o= isi ‘mmsy=t pqain sg jointe relief.l body achesny   stiff joints    muscular soreness",images/242615-DEFAULT-L.jpg,"nsf kmgblü psn p penp taste-free, bic-energeticaly enhanced”"", pure water base e ndc# 57955-6162-2wwê;‘“ homeopathicur -= ispl ‘…mélst pain 83 joint—n relief.e body achest   stiff joints    muscular soreness","té kmgle ee nee [r taste-free, bio-energeticaly enhanced !, pure warer bage! , ndce 57955-6162-2u…""""$¿d homeopathics ""= 1s[ '……es — pain 85 joint— relief.a body aches..   stiff joints    muscular soreness"
27,"b 股 jdbirt e bmsa jh 血 ssl 月 h市n rdnal 山 n pourn s t ion uin ata 地 一 2nantsjntmaal ymth r ( nt  weymzluigypgt [maltr0 ‖'蛐则胍鲫岫1miisal m 妮 irages加 加 冉 5 朱rsg 酝 tltismttt rt r 皮虹 irs l u5 (r 振 吊 agj palt spn /ibryerts余 h 皇 仪 ; 伟_嶂嶂m咖‖懂疃m动 娆 吻 i 吴 injional剧 吴 驿 w 刹 仪ntatsadgajhe 扬f 标nedanb 招 刑 仁ima snig haa明 时 mhtt ma (44p y i| p f r [onalltllplns grsson and/r吻 nbt 叶 28a popgrtips 5mtalathmgltrmssng  ′ i specializedn erie9up11c lee 吴 trelaxation 弘60 capsules 页npn: 80077088 ,produit de sante naturelnatural health product","| ol § ke e tompset e & sore. ade &b e cdran e/ou pouri e s s fagtaion owmait - & ] semanes.it e e e oz vt e  oz gy nuleri s dat s s sufrez1 woram e s brevagesby gy s corselée.o 4 asomckee fae prewve de(i éa mard o § ous deversipmit by e drge) pest so s mareres.fnani et so e e e 1 ks foe oy iradifonallyi e 2 sep ad in1 b of g elet e fn veeks.nialem v ee i peraing heavye it sy (o9,lrem sz ly ey| oo o vorsen. (ot @ey | e doressn and/or168 o i e propertes sel e e misng,  — g specializedn seriesopti &sleerinvsnl f60 capsules 0npn: 80077088produit de sante naturelnatural health product",images/Opti-Sleep-60-caps-1.jpg,"\ cl h à rédure le tempsrrl bc dusommel.aide àél rr érant el/ou pourrrr (n ls cas d'agtafon oùme rc - e 1 semaines.ès prre e dose avant le  porie rs sgyaret [onsulterpn dras dl u sivous sufrez1 rrs e ds breuvagesrh é es éconselléet d asmmdlrce farepreuve denn é mèréé, u vous devezpl by e dere) peut setérain/arpusées/narquerites.fn e fs el scd u ec b éme t takes torhh eprae cyc iradifonallydl e d à à seep @ int rantar ql ealfpret rr fan d veeks.t bére e ens f r aera f heavyuy el es hyersensifrihy (24,rc ur /qiy frs prvst r vorsen. consult àr u e deresin and/ord méch f péati prperfes ishra fl éragztornissig  | « specializedeinj seriesopti &s l'eefrrstevnsinionn q60 capsules ë.npn: 80077088 .produit de santé naturelnatural health product","| nf ady rdure e tempsad s d sommel. ae 41bc clnt e/0u pouryoe rur a s cas dagitabon 0umm yrc lad y semanes.imital yee e doe avant le  eee al cere aa u i u soufrez1 brego ae des breuvagesm e s mecorsediónv d asmmoere fare preuve den d m 0u í ous devezmipril by e alre) eut sere comprsts marquerites.pumt fas el sm m ei be eme i tales tod deado yoe tradifonallyad lral de as aey ad nmitratar y mob ledoren b rre an jueeds.nmbebe e bes rc i oerafing heavyia eeddetess ayersersibviy (2lrai diy familyiay p o vorsen consult aal | ae depresion and/orv pc ae propertes sbe ed de r m  | ym specializedn seriesopti 6sleefsrelaxation j60 capsules ""npn: 80077088 —produit de santé naturelnatural health product"
28,ifyou smoke your first ciafter waking f w,ol clc llst t,images/001488880.jpg,tl ls nlén,u smoke pp
29,d . ˇsudafedee,"_ -sudafed""*",images/sudf_pe_pressure_pain_cough_ft.jpg,"p 2 —psudafed""""","1 _ “«sudafed""e"
30,azyrtec 圃d aluergyde,"childrerns;zyrtec .[ t35lyfllitti015 0utd(‘4m|m of< sneezing< runny nose< ichy, watery eyeshourpt",images/0030045020904_0600.jpg,"children's;zyrtec :ctiinne allergyplv oe enen oirsor/s outd(‘4mlm of‘ sneering“ runny nose“ltchy, watery eyesmli",(qeeszyrtec .(c allergye t ceeeer outde(“4m|m of« sneezing- runny nose— tchy; watery eyes.hourdecen
31,gleafast actingalleroy日ghlophedianol hci-cough suppressantpyrilamine maleate -antihistamine,fast actingallergyreliefchlophedianol hci - cough suppressantpyrilamine maleate - antihistamine,images/001829951.jpg,fast actinglr rireliefchlophedianol hci - cough suppressantwn (in seui,79| [cereliefchlophedianol hci - cough suppressantpyrilamine maleate - antihistamine
32,eiiiziijlinxujl i7altilti1f7: 公x7 二 c72二 二 一 zbuprofen tablets 200 m0怡 4200 coated cap/et5-e 加zrraz 一 z curraze zzprrazozrrrrrcc  卵 卵 :7 利 zzz-st3 7tztjfxxz-,p tn e tterect>coorrtir(tr 200 mgpain reliever/ fever red tlp r*capsule—shaped tablets s a p a7y p sy slfr iy pt st t bt t t yr t i a t r lt t l r,images/567137a9-58bb-4c9a-a565-88031b099116_2.f3bbdec6c465b121b7f4c2752d8c00a5.jpg,"eten e ete t7eresetdeorriribuprofen tablets, pu on eitepn e a f e mraa (l200 coated caplets**capsule—$haped eu lottaiouf litlttceut do til sscis uilt li ls c t-r mi e on s t tt tt","ea mal eate7o ilibuprofen tablets, 2nnp ta azno ma200 coated caplets**capsule-$haped tablets o aao a zaaza 2e iiciz= e 7 m b7 2m m iii m"
33,lbuprofen,[o]0to] el {en,images/ibuprofen-drugs-pain-killer (1).jpg,louprofen,ibuprofen
34,maxstrengthr*- 一 = 一 、d0elsym 1 人 c anicht)time,maxstrength*edelsym’eynight ) time,images/Adult_Cough_plus_Nighttime.jpg,"maxstrength*é ,delsym'etennight)time",maxstrength*=delsym_cough eonight) time
35,,"'\',,'i“‘l |vav a0 el b!nerve painrelieverl 0.17 1. oz l_\ull\ ,",images/diabetic-nerve-pain-reliever_80931_zoom0.jpg,"'\"",.i""‘| |vat hl be!nerve painreliever‘ 0.17 fl. oz l_‘\|ll‘ |","'¡'¡,.i'-.*| |duialdclinerve painreliever' 0.17 . 0z l_*||llx '"
36,mucus coughelemucus from your0仪euuuleach 5mloforal iquid containsje,"mucus cough& cold© t0 clear blocked(lgn tgel la (3. mucus from yourw [t tn nla (len at 1n[ sr )200mleach 5ml of oral liquid containsguaiphenesin 100mg,phenylephrine hydrochloride 5mg",images/558254_xlarge.jpg,"dl ridl« t0 clear blockedor runny nosels (r; mucus from your(i tt sunlue s ( vv(ri r grsplne a de a to eteguaiphenesin 100mg,phenylephrine hydrochloride 5mg","ta8 coldcn7 mts— to help expel. di bnpca(aoaieach 5ml of oral liquid containsguaiphenesin 100mg,phenylephrine hydrochloride 5mg"
37,"natural healthcar u菖o宫 yassit with:'岫""hy薯ye…n酗疃""[hqarheaft &supportueereestain 一yhtsin & zeaxanthin 商p","carusosnatural health yayassst withithy eye function':i:‘""h' health & supportrelisfeyestrain\itein g zeayanthin",images/9323573006066_4.jpg,"carusosnatural health layassit with:ithy eye function —ë‘""'” health & supportrelid uefére strain —(tein & zesxanthin","carusosnatural health mayassist with:mthy eye function -"";:“""'º' health 8: supportreli—fejestran —¿utein a:zeaxanthin"
38,aowc gooprsso 冒刚颤…_ (>ptimum relief家 t helpsalleiate symptomsassociated8 withseasonalallergies:sosu s 《 ruy 05ecaiou    chewabletablets homeopathic medicine,"din-hm 80027650epatiat ingk)etg oi optimum relieffoees helpsalleviate symptoms associatede?‘e:‘i: with seasonal allergies :®gy, © runny nosesl e     (lteenitn   chewableap homeopathic medicine",images/ALLCOMP_Real-relief-100ml-1000x1000_Allergies.jpg,"din-hm 80027650semmerra>patiaé piécrmoseasnc giaut rnp optimum reliefexs — helpsalleviate symptoms associatedeë.“;,“,‘; with seasonal allergies :emiey, — © runny nosee     tcc210   chewabletablets p e","din-hm 80027850epotist aoneecaionre cn eoo optimum reliefea - helpsalleviate symptoms associatede?.“;,“,*; with seasonal allergies :euew.; — * runny nosee gnee     wlamo   chewabletablets ru aua"
39,"blackmores3,| 『g′′耍/′ ,仁 d《』","blackmores- —@ )”‘q_/, :n |j",images/original_CW.jpg,"blackmores— _@. /”‘£{, ;aïj","blackmores— —a. /”'q_//, laxj"
40,"maxinmum 5tength ek0z。     p maxnunmsterglh 志 0amprfin5 二 mens″‖a_f薯i""翼叠‖e_ _3′ ypo777z71 nneeoniotenetehn pnongiinneules 20gplet","maximum strengthamprin p =p maximum stength 207,amprinand cafeine-freer sminoghen, panobon & yrlamine walate 20 capletse menstrual pain relief c h",images/262838.jpg,"maximum strengthamprin p =p maximum strength 0zamprin‘and cafline-freem hccusminophen, pomabrom 6 pyrlamine maiete 20 capletsë menstrual pain relief c —","maximum strengthamprin p sp maximum strength 202amprinaand cafteine-freeal ncaminophe, pamobrom 6 pyriamine malate 20 capletse menstrual pain relief c —"
41,"5ombnatural pain relieving gelnet wt 8 oz, 227.2 9",foopngsnatural pain relieving gelnetwt. 8 0z. 227.2g,images/s-l1000.jpg,isoubeenatural pain relieving gelnetwt.80z. 227.29,fonmashatural pain relieving gelnetwt.80z. 227.29
42,,momotion sickness,images/s-l1600.jpg,mamotion sickness,momotion sickness
43,"drifioffs00thing sleep formulay山        fdare61stered facility 园 labverifiedxc /″獠鞭e ‖\e""",driftoffsoothing sleep formula*60      fdaregistered facilityverifiedp od,images/Driftoff_BadgeImage_2048x.jpg,ulssoothing sleep formula*|      fdaregistered facilityverifiedp aqt,0iosoothing sleep formula*un      fdaregistered facilityverified7 o»
44,the tmlj pillnatural tmj reliefe,the tmj pillnatural tmj relief,images/cf7a1438ff6ae4da927edd8cf52fc05cfffade59.jpg,the tmj pillnatural tmj relief,the tmj pillnatural tmj relief
45,"actfreherb“be activeherbal formula extract 气 shen ling bai zhu san参 英 白 札 散for professional use ah311e 5:1 concentrate granule 厂_\"" ' 仁netwt.100 g (3.53 oz)",actlveferbbe activean vni shen ling bai zhu sana% b #i rkfor professional use ah311e5:1 concentrate granulenet wt. 100 g (3.53 oz),images/shenlingb.jpg,"activeherb”be activean e ts a shen ling bai zhu sana omkfor professional use ah311e5:1 concentrate granulenet wt. 100 g (3,53 oz)","actíveherb""be activeherbal formula extract shen ling bai zhu sanazomufor professional use ah311e5:1 concentrate granulenet wt. 100 g (3.53 oz)"
46,w  l,acetaminophen & diphenhyoramine hydrochloride  40 caplers,images/426411.jpg,isslu edl uimn eun  070175,o tteetdeteteta  a te
47,"_ u 0/重二二二二2 nyquil, 二 」乏q 1nighttime sleep-alddiphenhydramine hcjnon-habit forming 一 warming berry flavore 加e 小 山l 明 史 00d4e r2",", 0l r tn t ts of. nyquil*nighttime sleep-aiddiphenhydramine hci[t b bt t t t t t ly a r v(e e gty |1 pat a (354 ﬂ]” n l[]/ (7[]3 m""",images/323900016194.jpg,"‘ from the makers af. nyquilnighttime sleep-aiddiphenhydramine hci© non-habit forming 7 warming berry flavor vnotfortreating cold or flupi a a ivr paee (354 ïﬂ"" pr acu é or zieeute (7ü8 m""",": from the makers af. nyquilnighttime sleep-aiddiphenhydramine hci- non-habit forming — warming berry flavor ldio tatseewamings — alcohol10% — 2 bottles, 17 fl oz (354 íh” 2 1a (7[]8 m"""
48,"exclusively wirh the *1 proven effective proelomc  q `下， ′′′ 二′ - 命 口 ′鬟娶 works naturally with your body tokeep your digestive system in balance*helps with occasional digestive upset,including diarrhea, 8as and bloating「helps yourdigestive systemwork better*once daily vegetarian capsulesdietary supplement“these staiemenis mave otbeen ewaliaied 5ytnefo00 and drus adminsitratotms productis motiniended t0 dwgnose treai.cure 0r preventany w5ase.","exclusively with the *1 oven efffctive probiotic'!   works naturally with your body tokeep your digestive system in balance*helps with occasional digestive upset,including diarrhea, gas and bloating*helps your digestive systemwork better*once daily vegetarian capsules o~dietary supplement*these statements have not been evaluated by the food and drug administration.this product 1s not intended to diagnose, treat, cure or prevent any disease.",images/DH_Daily_1371H_2x.jpg,"exclusively with the #1 oven efffctive probiotic*   works naturally with your body tokeep your digestive system in balance*helps with occasional digestive upset,including diarrhea, gas and bloating*helps your digestive systemwork better*once daily vegetarian capsules —sdietary süpplément“these statements have not been evaluated by the food and drug administration.this product is not intended to diagnose, treat, cure or prevent any disease.","exclusively with the *1 oven efffctive probiotic!   works naturally with your body tokeep your digestive system in balance*helps with occasional digestive upset,including diarrhea, gas and bloating*helps your digestive systemwork better*once daily vegetarian capsules —dietary supplement“these statements have not been evaluated by the food and drug administration.this product 15 not intended to diagnose, treat, cure or prevent any disease."
49,"loratadine tablets usp, 10 mg",,images/00011822315234.jpg,,
50,dgoughmedicine> soothes dryirritating coughseua,dry.coughmedicine> soothes dryirritating coughst soooe tpineee,images/785172_xlarge.jpg,"dry,coughmedicine> soothes dryirritating coughsoo eupentoxyverine citrate 15mgete","dry,coughmedicine> soothes dryirritating coughseo tt dtsho aaaustr52355"
51,,brand of acetylsalictli delayed-release caplets (5pdin 02150425/b) ‘ ;& / |( ‘ / ‘ “‘r/ m ' i [ w ee lak hri tis v euerp(g prer a pg coated t4,images/Aspirin-Arthritis-Pain-Relief.jpg,"brand of acethlsalicyli delayed-release caplets uspdin 02150425(@ ; ,e | |( | / / “‘7 __ ‘ m ! / ©e plak hri ! à pvups r77 ol l pen pe l500mg coated 1/ 10126)","brand of acetyisalicvli delayed-release caplets uspdin 02150425() 1 ,( ) yo 1 / 1 €1a ' “. o— 7 uak hri naa=aco arthriticand rheumatic paín5009 coated caplets"
52,vets+bestfordogs 1year or older - all sizeshfwab5l5 tablet3,vet's+best ..fordogs 1 year or older - all sizestewable tablets,images/tbc-183_1z.jpg,vets-kbest /for dogs 1 year or older - all sizeshewable tablets,vet's ++best 2for dogcs 1 year or older - all sizessewable tablet
53,] joint 8 muscle] pain reliefhigh potency herbal tabletsformulated to relieve the symptoms of:  “antiinflamm“pain relief*promotes healthy circulationnourishes joints and musclesatory actionaust l206337,/ jomts muscle| pain reliefhigh potency herbal tabletsformulated to relieve the symptoms of:1= o= i tisosteoarthritis « rheumatism* anti-inflamma* pain relief* promotes healthy circulationnourishes joints and musclestory actionaust 1206337,images/Zen_Joint_Muscle_Pain_Relief_60t.jpg,/ jont s muscleÿ pain reliefhigh potencvy herbal tabletsformulated to relieve the symptoms of:l vn tisosteoarthritis « rheumatism“ anti-inflamma* pain relief* promotes healthy circulationnourishes joints and musclestory actionaust l206337,/ jont 5 muscle/ pain reliefhigh potency herbal tabletsformulated to relieve the symptoms of;e l itisosteoarthritis e rheumatism* anti-inflamma* pain relief* promotes healthy circulationnourishes joints and musclestory actionaust 1206337
54,c1/psjeq/slubricante5ye dr0ps,l tri el r,images/00300230798150_1_1.jpg,"#"" immediate, soothingrelief for dry eyes","8 immediate, soothingrelief for dry eyes"
55,"洁 口ibuprofen tablets, 200 mgpain reliever/fever ‖edu。er l5团 headache四 muscular aches四 minor pain of arthritis四 menstrual cramps团 toothache四 fever50 packets of2coated tablets eachae",adviltv ct rn bp0l reduoer (nsaid)s1 headachew1 muscular aches7l vi tp rt v t e¥ menstrual cramps4 toothachew fever50 packets of 2 coated tablets eachsee full drug facts informationlu b t,images/p-15258-1615489_advil_2PerPack_100box.jpg,"bvlibuprofen tablets, 200 mglr en en reduœr (nsaid)ba ete sk muscular achespr i d tr tlp ete r tsl toothacheue50 packets of 2 coated tablets eachsee full drug facts informationct ct",“advilede aa reduoer (nsaid)—u enea te e1 minor pain of arthritisee eez toothachez feverer atta e.e de tudtt
56,relieves denture andbrace sore spots- 一一1 一 一brzszsc芸 gdentist recommended acoeplencs cf genzodenl伟 师 ding hofihe producfjoe io mujh sores when“the ada councll en scianfic affoirsandigesic dentre oinenfi pased onf 5 院 sve for lemporory relef of painsedosdireced 「嘻`′.二蕾髦`一重磨 曙矗鼻薹雇磐叠] e 二benzodentnetwt02507 ),"relieves denture andbrace sore spotste 4ti=e=pdentist recommended “the ada council on scientific affairs’ acceptance of benzodenta s danture oiniment is based on its finding that the productap tive for temporary relief of pain due to mouth sores, whenused as directed.”o g b sbenzodentnetwt 0.25 0z (7g)",images/900 (8).jpg,"relieves denture andbrace sore spotsp——dfclez—>énx c>grer uuc rzdentist recommended “the ada council on scientific affairs’ acceptance of benzodentaéi5esic denture oiniment is based on its finding that the productas2eive for temporary relief of pain due to mouth sores, whenused as directed. ”r— <»> —> — w»sbenzodentnet wt 0.25 oz (79)","relieves denture andbrace sore spots. —]—————7?—pea a><—>—an—>=ydentist recommended “the ada council on scientific affairs' acceptance of benzodentabedesic denture oiniment is based on its finding that the producta efibchive for lemporary relief of pain due lo mouth sores, whenused as directed.”a — — as — ""=benzodentnetwt 0.25 07 (79)"
57,e,l)allergydiphenhydramine hci 25r.n_gai_a‘nti istamine,images/0030045055726_0_A1C1_0600.jpg,eallergy[oife 1l t 1a e luin hçi 25r_n_g£l_a{nti istamine,[ticdiphenhydramine hci 25r_n_gtl_a4nti istamine
58,e 孝 el reliever u,125 dissolying tablets,images/375e067cb34bc56ae3be98153a54c02a.jpg,125 dissolving tablets,uo
59,c/arnt1x y7/81//[81mvlf7_ 1 螭 .,chantix (varenicling) iabletsi 1mg’pl,images/e8665c990a71d5c92720fd0d977b447c.jpg,chantix (varenicline) tabletsi 1mg’el1,chantix (varenicline) tablets¡ 1mg*ee
60,| 《pmarmacy medicinekeep 0ut of reach of children& parn re/iefe u eand pain due to cramp or spasm.2″ ta″/e′s [ncduutie i ibromide,\| macy medicinekeep out of reach of children & pain relieffor rapid relief of stomach acheand pain due to cramp or spasm. 2 0 tablets each tablet contains hyoscine butylbromide,images/836007.jpg,\| macy medicinekeep out of reach of children ctn 172 ts arrgresfor rapid relief of stomach acheand pain due to cramp or spasm. 2 0 tablets each tablet contains hyoscine butylbromide,|| macy medicinekeep out of reach of children é pain relief —for rapid relief of stomach acheand pain due to cramp or spasm. 2 º tablets ie ei (u ne si 0sm on c tt
61,"faot reliefvalue 9ize# 月mosty relieves pain, burningc 胺 炳 咖 “&urcencyy tarcets thesourceof pain","fast reliefvalue size#1mostv/ relieves pain, burning brand""& urgencyv targets the sourceof pain",images/AZO_UPR_large.jpg,"fast reliefvalue size#1most/ relieves pain, burning brand*& urgency/ targets the sourceof pain","fast reliefvalue size*mosty relieves pain, burning brand""8: urgencyv targets the sourceof pain"
62,\ 厂 河 || c acough 5suppress5anttopical analgesic1s   see drug factsnet wt13.53 02 (10049),"\ oy, |_/ sjjd =) iu_'jcough suppressantlol [ v. 1) el 39s,   see drug factsnet wt1353 0z (100 g)",images/323900003620.jpg,"ÿ -f |_/ £j_,d u iuijcough suppressanttopical analgesich e t e   see drug factsnet wt13.53 0z (100 g)","v p |_/ íj_,d = iuij[o e tetopical analgesicaeaonenta aa   see drug factsnet wt135307100 g)"
63,tabletsecentrol coureil jor researcf 汤 ayhredic scienc national research avurvedicxedcbedevblopement corforaton hthb dept. 0f scientific 4ndindustrial research minsiry0f science & technology,tabletsacentral council for research in ayurvedic sciences national research ayurvedic medicinedevelopement corporation for diabetes‘the dept. of scientific andindustrial research ministrychnologof science & te(,images/3914258_dme6.jpg,tabletsayush 82 research productcentral council for research in ayurvedic sciences national research ayurvedic medicinedevelopement corporation for daretesthe dept. of scientific andindustrial research ministry(chnologof science & te,tabletsayush 82 research productcentral council for research in ayurvedic sciences national research ayurvedic medicinedevelopement corporation for dufetosthe dept. of scientific andindustrial research ministrychnologf science 8 te
64,urban moonshineherbal first aldherbal expectorantbronchial support02euoulys 沥 大,urban moonshine'herbal first aidl eirit eibronchial supportfast acting ® ® ®,images/8oz_coughsyrup_medicinecap__60305.1416078826.jpg,urban moonshinepvnherbal expectorantclu tt tri ein ain,urban moonshinfherbal first aidherbal expectorantbronchial support[n
65,口 pharmacy medicinembpoutof eachofchuien口 r0-tus8u 国园d 1eelactose free gluten freee0,\hamy pharmacy medicinekeep out of reach of childrenduro-tuss(lt qroldouble action il t a t)(rgosr t el] e ;w. qlost,images/2-20.jpg,mïj pharmacy medicinekeep out of reach of childrenduro-tusscough liquidruuden a ;p s e arpjt o e cls| puun)e ;wl e!exine hydrocl,m¡u pharmacy medicinekeep out of reach of chilorenduro-tussgough liquid _m cudoo e e lt leddro| p ;…… dexine hydrocl
66,tramadol retardacctavis [lqmtamsdolldeciondumtibleyspediouienymunoliodnm白 30tablet |,tramadol retardactavis il mgtramadoli hydrochloridumtablety s prodiouzenym uvolfiovanim€ 30tablet |,images/Buy Tramadol 100mg Online-500x500.jpg,tramadol retardactavis mjmotramadoli hydrochloridumtablety s prodiouzenÿm uvolñovänim© 30tablet |,tramadol retardactavis e motramadoli hydrochloridumtablety s prodlouzenym uvolñovánimo 30tablet -
67,u u 园 水 园 司 ae 口u up feeling e伟 ae 朋dietary supplement,at u (ris [p /alrelaxes you & keeps you asleepstlu sr ir b g60 vegan capsulesrurvnsesiine vi,images/AMZ-Single-Luna.jpg,w u re s ez e p airelaxes you & keeps you asleep slue r 0r ii pr l60 vegan capsulesdietary supplement,"my u ra e s ep anrelaxes you 8: keeps you asleep5you wake up feeling refreshed""[7 napn n"
68,"5see newwarningsndc 30m2-650.62for adults『【。嘿… allergy reliefto yourspain reliever nasal decongestant, antihistaminecontains3 m罄dicin罄曼headache, acetaminophensinus pressurey “nasal congestion ] phenylephrine hc彗#写旦圣罩 8 chlorpheniramineg′ mialeatelitchy watery eyescoolice2 instant cooling sensation caplets","seenewwarningsndc 30142-650-62for adultsallergy reliefto yourspain reliever, nasal decongestant, antihistaminecontains 3 medicines:headache, acetaminophensinus pressure, gnasal congestion ] phenylephrine hcl2:,‘22%:1 x\ chlorpheniramineg maleateitchy, watery eyescoolice® instant cooling sensation actlsize caplets",images/image-01.jpg,"see newwarningsndc 30142-650-62for adultsallergy relieftoyourspain reliever, nasal decongestant, antihistaminecontains 3 medicines:headache, acetaminophensinus pressure, &nasal congestion ] phenylephrine hclê#22ä,:“ pev chlorpheniramine& maleateitchy, watery eyes[( e e m e - e e ai e æctualsize caplets","see newwarningsndc 30142-650-62for adultsallergy reliefto yourspain reliever, nasal decongestant, antihistaminecontains 3 medicines:headache, acetaminophensinus pressure, anasal congestion ] phenylephrine hci?:22£,:“ yay chlorpheniramine6 maleateitchy, watery eyescoolices — instant cooling sensation actualsize caplets"
69,alcohol freenyquilcold & flunightime reliefeoouupppy1ches fever e thm氨'沥 训 m肖 esmteltmusints,"tsnyquilcold & flu(ltl a s i”ches, fever & sore bll",images/900.jpg,"alcohol freenyquilcold & fludlacetaminophen, chloroheniramine, mleu;p throëtineezing, runny noser ete","aoonyquilcold 8 fludttacetaminophen, chiorpheniramine, 7e2 ual-c ta a throstneezing, runny noset"
70,"as u 东 胺[epa_n e (""s^m丨500 雄厂 200e“ rlown 0e 7t",[teens(tr sraspirin 881 m9/ paipain reliever (nsaip)500 eheart healhllobayero [y e tat for ouseh0lds with young childeee,images/900 (6).jpg,ttb2ct l laspirin 8crnl va sznpain reliever (nsaip)500 epecacoteu low dose aspirin active penotfor households with young chldrey,pe[ e auaspirin 881 m9/ paie ta c ca500 euaoparetobayer— low dose aspirin active imotfor housemol s i young childrem
71,"gmn 园 ) ptuine倩ner intensive concentrate for relief & recovery`````rn inflammation formulation一 withamica, vitamin b6 & msm 一net wt 4 oz.[114g]]","ve dr4g agy p ® f.thoeurng x ee e n e r e ;” ""- intensive concentrate for relief & recovery warinflammation formulation— with arnica, vitamin b6 & msm — inet wt. 4 oz.[1149]\_____—/",images/57543.jpg,"dl ore4466109 wl(n g) p q ,îeuine x fl(ote e n e r e lm a} ntensive concentrate for relief & recovery warinflammation formulation— with arnica, vitamin b6 & msm _— 'net wt. 4 oz .[114g]\________/","u dhneg ae“) p 0 …p.'uevine x e* oy e n e r e ;“ ,., — intensive concentrate for relief 8: recovery warinflammation formulation— with arnica, vitamin b6 8: msm — hnet wt. 4 oz.[114g]x______/"
72,一 厂 eorymeoeyrimls 一 广 口 2 广 coerz 一 zmyrz 吊 广 cor [zraczymryz 心 r - 不 r czea - 东 cz e人 > 一 scr 吊 人 zredres 口 c l 加 seoco 一 cz[ ismcre< 一 ezvezx 二 心 广 5iz 心 工 a 口 心 ez<derezprze czrizr7z 口 erzczrzreiis- crriere:c 一 一 一 yz 心 cise 心 [ 一     esrzozzzsczzatzzysczzztdtstcrzctuztszatrzotozoctotsdzdo< l 心 心 志f 不 - 心 不 一 c 一 不 l c 一二 2 万 5erz 乙 二 e ebeselzc一 心 心 心 c a ez 广 12xix lzzyezrrz 心 zzr emulgerdiclofenac diethylammonium gel 11.6 mg/g9equivalent to diclofenac sodium 10 mg/g (1% ww/w)for temporary relief of local pain and inflammation austr 47676,i t i e s s s f ess is sis s t s t £ s e frelerrr fep ts = is s trer fr rst e e s s ey st l s sl a ess lt l wa tes t =ie e = 2 y e e ter s cose s 7    b elo zfre t lt ey f <pr —f zirt ts fati lzer= t = iveeks —ees o7s omc ik s ter rarr 72 st s e rr e e emulgeldiclofenac diethylammonium gel 11.6 mg/gequivalent to diclofenac sodium 10 mg/g (1% w/w)for temporary relief of local pain and inflammation austr 47676,images/007401.jpg,"leis ls 1ii/i il i ls lemos tpi miois mpiiot f ilis doiipisi il ir esds7 s larr es mrardarun” fcp s—nl77 5 lts sus li uscat ss s hs ft mi cein i sp s spi e lsss os z a wnises cis ilice intest sn snlif cls iii s sj t hst iss lost ios tt ises ss lpuit ss ess cis enlest t ii s 0ss0s il ilo0s    od tei is l5ct)is cuyii s ismfn 855 a jirn lsl> l)7s iss oe ot iss t f it -f emtt iss hidcooioo c coe e e esl os gd s,(s ss 05704 ss iss se sit sesst tei i iss tid ls pl7 emulgeldiclofenac diethylammonium gel 11.6 mg/gequivalent to diclofenac sodium 10 mg/g (1% w/w)for temporary relief of local pain and inflammation aust r 47676","o l=772z> =i. ==7 -7 1- di iii liiiil7itiili sro p— fo —za lsser= ij ii 1- i= s 1s a i 2iztilaiil atdels7 =y =sdialiidiz <2 dz leiiitiez elisdl= o =x£ 77o 5= 777    q7 7liz25= l--7 id i/iadzii 25 d id idlo 7 i= i =i f 7 a lties ti7zez es e l=eteezl,- i 12kil ti7 telo dt iiiiilid emulgeldiclofenac diethylammonium gel 11.6 mg/gequivalent to diclofenac sodium 10 mg/g (1% w/w)for temporary relief of local pain and inflammation aust r 47676"
73,srisritattvakasahari coughsyrup丽髋硐愤 4 l虽)l膏ol 2ss100ml,srisritattvakasahari coughsyrupmaﬁmf@m algohol free syrup for instant relieagyl,images/kasahari_syrup.jpg,srisritattvakasahari coughsyrupmäîmfäm r e orn quan l =1rl,srisritattvakasahari coughsyrupmañwf€m anete to m saoloo
74,"herbalccgic“ , nnyyvyiyyigrmgggeasy breathere subports nose & sinus heal 政 `promotes clear sinuses and sootlesccasional respiratory nasall and eye大 rmitation due toenvironmental fact0r裹`seasonal changes, travel and stresgmerenl plemury supplement | 30 cafslulehelpsheal丁h) b0dies coppf [ 浏e 园 目 二 , l","teasy bre theru supports nose & sinus health .promotes clear sinuses and soothesoceasional respiratory, nasal, and eyeith irritation due to environmental facwrs‘oy seasonal changes, travel, and stress !herbal dietary supplement | 30 capsulesr eecl o opollen +mol",images/Pollen-Allergy-Relief-Nose-Sinus-Remedies-Herbalogic-Easy-Breather-30ct.jpg,"totteasy bre ther* supports nose & sinus health ‘promotes clear sinuses and soothesoccasional respiratory, nasal, and éjeà fritation due to environmental facwrs.lix seasonal changes, travel, and stress ;herbal dietary supplement | 30 capsulespr 02000 lpollen+ mol","teasy bre ther“ supports nose £ sinus health ;promotes clear sinuses and soothesoccasional respiratory, nasal, andeyeh irritation due to environmental factors.ln scasonal changes, travel, and stress/ :ferbal dietary supplement | 30 capsules:mo a a- =15 lurb a ee"
75,84film coated tablets′》'etf() rmin500mg tabletsmetformin hydrochloride,84film coated tabletsm‘etformin500mg tabletsmetformin hydrochloride,images/metformin.jpg,84film coated tabletsm‘etformin500mg tabletsmetformin hydrochloride,84film coated tabletsmetformin500mg tabletsmetformin hydrochloride
76,,‘v'bio-lifebio-vizion,images/bio-life-bio-vizion-100-30-s-capsules.jpg,% bio-lifebio-vizion,y bio-lifebio-vizion
77,蓼皂5园吉,zz%¥z,images/ayurvedic-medicine-to-improve-digestive-system-digestobliss.jpg,zz5ÿ@,zezz7
78,"ndc 0220-9059-04pain reliefˇmuscle pain & stiffnessswelling from injuriesbruising「arnicare一 一 一 jhlv/etshi@i/sopainalle llb,ieilin目 non-drowsy目 no drug interactions  山 works naturally with your bodye u",ndc 0220-9059-04pain relief”muscle pain & stiffnessswelling from injuriesbruising’arnicare—— tabletshomeopathic medicine“ non-drowsy“ no drug interactions  » works naturally with your bodyactive ingredient,images/71d6N0U9n7L.jpg,ndc 0220-9059-04pain reliefmuscle pain & stiffnessswelling from injuriesbruising’arnicare— tjabletshomeopathic medicine= non-drowsy= no drug interactions  # works naturally with your bodylueu,ndc 0220-9059-04imuscle pain € stiffnessswelling from injuriesbruisingarnicare— jabletshomeopathic medicinez non-drowsy% no drug interactions  z works naturally with your bodya ti
79,nurofenexxpress1256mg tablets _ 一 一 不,nurof€nsn256 tablets e,images/Nurofen_Express_Tablets_256mg_16kv.jpg,nurof€nfdexpress)256 tablets 22 —2 …,nurof€nddexpress)256 tablets — s —l
80,,e2015 travelers’ [choice award |for allerg e ¥ pl rn,images/large_fe027fab-6e5d-43a3-a93d-1011bace9835.jpg,ps2015 travelers’ fuel rn e lrforallerg ct z pes,p2015 travelers' fdt eo nr hed by tripadvisc e 24 tablers
81,耳 a 工 口 叉 a 8childrenscough syrup + mucuswith dark honeydark honey andiy leafextracthelp yourchildwhen they arecoughing toclearmucuszsafe & effectivefor children 12 months+dietary supplementnatural grape flavor4floz.(f18 ml),naturalschildrenscough syrup +mucuswith dark honeydark honey andivy leaf extracthelp your childwhen they arecoughing toclear mucusgsafe & effectivefor children 12 months+dietary supplementnatural grape flavor4floz. (118 ml),images/b2d14a2c-deed-42e7-bb52-afe583888974.png._CB277223535_.jpg,"naturalschildrenscough syrup + mucuswith dark honeydark honey andivy leaf extracthelp your childwhen they arecoughing toclear mucus”,safe & effectivefor children 12 months+dietary supplementnatural grape flavor4 floz. (118 ml)",naturalschildrenscough syrup + mucuswith dark honeydark honey andivy leaf extracthelp your childwhen they arecoughing toelear mucus*safe 8 effectivefor children 12 months+dietary supplementnatural grape flavor4 floz. (118 ml)
82,"英 e 巳马 baoeruver=allergy |   s sinus pressure, congestione sneezing & runny n0se| “ltchy, watery eyes  院 、 hll region relief 塞t'e叠20% usp alcohol 壹 pollen0 咤 ; ,ammmma$nus pressure, 伪n翻。弧砜〖 f 1 :嵩鸵对ng & runny〉 ;watery eyes","s s -a "" bioawlers’allergy |    « sinus pressure, congestion| « sneezing & runny nose| eltchy, watery eyes  r all region relief gt’h20% usp acohol ¢ pollen! jifi s3 sinus pressure, congest”1 ';7\' |, eezing & runny] , watery eyes",images/nt0097.jpg,"= o—tts .a ""lbioauersallergy,    « sinus pressure, congestion| e sneezing & runny nose| eltchy, watery eyes  , ail region relief gt'9e20% usp alcohol à pollen! =îëîî homeopathicà sinus pressure, congestoq 'î' 1 , meezing & runnyj ; watery eyes",".= -a — vioalersallergy |    e sinus pressure, congestion| e sneezing 8: runny nose| eltchy, watery eyes  . all region relief ¿t'ee20% usp alcohol pollen[ =ii35 dio* | sinus pressure, congest""1 'f' 1 peezing 8 runnyj » watery eyes"
83,山 u m 24 u 日,ultratabs™ 'i fl el el r 24 113,images/900 (4).jpg,cc til tvr '*small tablet size actual size 24 113k,ultratabs”* '*small tablet size actual size 24 ene
84,,"ndc 0220-9000-59         neck, back, shoulder & legmuscle pain & stiffnessswelling from injuriesbruising° ®arnlcare\arnicagelhomeopathic medicineunscenteq « quickly absorbeqnon-greasy . paraben-freeally with your body",images/BOI-03559-1.jpg,"ndc 0220-9000-59         neck, back, shoulder & legmuscle pain & stiffnessswelling from injuriesbruising© ®armcare\arnicagelhomeopathic medicineunscented » quickly absorbednon-greasy ° paraben-freeally with your body","ndc 0220-9000-59         neck, back, shoulder 8 legmuscle pain 8 stiffnessswelling from injuriesbruisingo oarn¡carexarnicagelhomeopathic medicineunscented + quickly absorbednon-greasy . paraben-freeally with your body"
85,8tonrn r1 “浑 multil-floraes problotic技 8 【、呵 陌 8bilion rctive cells at best by date 圈 2薯】! p 5 明出芸 dietary supplernent圈 60 vegetarian capsule5 。,#ston bb omaly to == multi-flora‘i nantan«u probiotics i3y' 8 billion active cells at best by date ge e. k ] %o[ dietary supplemente 60 vegetarian capsules,images/Stone_Natural_Medicine_-_Multiflora_Probiotic1_1024x1024.jpg,s oton ep omaly tt for =» multi-flora‘vrantainsu probioticps [#l'h 8billion active cells at best by date üds nevn pf ] e*vs dietary supplementë 60 vegetarian capsules ;,"estuneuto ree o -= multi-flora'tnantan.17 probioticss 'mm bbillion active cells at best by date keae pr j ,,<'“as dietary supplemente 60 vegetarian capsules ¿"
86,tylenol col ~″… eceileuwmttomnisiotnseeceteteuoomaideeceister ccspuaneryye医 uno医 yub,l eymnnmvmnm«(wm lav e8 l 0z (240 mi),images/Tylenol-Cold-Max-Night-time-cold-medicine-liquid.jpg,l e enm……v…um««z…»m eten8 fl oz (240 ml),"t u de almun…v…mmz…»m n anttistamine,nsa deconesantcaa"
87,1muscle pain & stiffness。swelling from injuries。bruising*arnica 30cnon-drowsy。no known drug interactions includes口山 月3 tubesapprox. 80(6/elgaxl6 川 l/wcb 〇 r 〇 n 0 张 明 尿 动 沥 仪 吴 人world leader in homeopathic medicines,quter packaging and i{muscle pain & stiffness * swelling from injuries © bruising*arnica 30cnon-drowsy ¢ no known drug interactionsincludesattube3 tubesapprox. 80quick-dissolvingbo ron pellets per tubeworld leader in homeopathic medicines,images/81jFNGo7fBL.jpg,co 0 te 10 ato 1o m]muscle pain & stiffness ° swelling from injuries © bruising“arnica 30cnon-drowsy * no known drug interactionsincludesfreeue3 tubesjs o 10quick-dissolvingbo ron tn rs ra iosworld leader in homeopathic medicines,quter nackagino andii|muscle pain é stiffness * swelling from injuries * bruising*arnica 30cnon-drowsy * no known drug interactionsincludesau3 tubesapprox. 80quick-dissolvingbo ron nno :1world leader in homeopathic medicines
88,natural pain relieving gel 恩uia net wt. 8 0z.。 227.2 9,natural pain relieving gel sy net wt. 8 0z. 227.29§,images/71MXqIA1eFL.jpg,natural pain relieving gel tn net wt.80z. 227.2g;,"natural pain relieving gel ""ua net wt. 80z. 227.29:"
89,ndc 0220-9000-65   一 王 日arnicare(te/一 一 qwmicktlyileorleyt unscented 。paraben-free。help your body the natural way enatural y 【atwe redent,ndc 0220-9000-65   gov atarnicarege/e (il absorbedp unscented ¢ paraben-free * help your body the natural way « 7jltel el,images/8 (1).jpg,ndc 0220-9000-65   pain reliefarnicarege/— ————— quecly absorbesarnica unscented * paraben-free * help your body the natural way —natural he(u s,ndc 0220-9000-65   pain relief”arnicare ge/m — qey absorbedta unscented * paraben-free * help your body the natural way 'natural ioe ta
90,"pharmacistrecommendedbrandd〈 original formulaigmdmnemotion sickness relief媚 一 8> a 一 8 2 一 g 一 8 e 3 5 c  treats symptoms rab0s n史 n the 5spotpreyents nause 卜 ,dpizziness & yomitingcacctual size36 tablets(50 mg each)","pharmacistrecommendedbrandd< original formulaidmaminemotion sickness relief| > j -1 8 5 r-1am)ln b —   treats symptoms byon the spotprevents nausea,dizziness & vomiting!/ actual size& ‘e' 36 tabletss’ s ot (50 mg each)",images/238582a2-9024-47fb-9854-6c76118b6e85_1.cb2159e6976d13c566e86cf929518c60.jpeg-51734b3a35d991aa3e29bf81e763adb5a8bf5d29-optim-1800x1800.jpg,"pharmacistrecommendedbrandd{ original formularamaminemotion sickness reliefi>n arere tr a r   treats symptoms robie elon the spotprevents nausea,dizziness & vomiting;/ actual sizeà ‘è' 36 tabletse e c ct (50 mg each)","pharmacistrecommendedbrandd< original formularamaminemotion sickness reliefeo ea aaa a-< a 006 a <—   treats symptoms tabieta aon the spotprevents nausea,dizziness 8 vomiting_,,/ actual sizeá ie' 36 tabletsaa s c (50 mg each)"
91,ndc 0220-9324-04allergy reliefltchy & watery eyessneezing。runny noseltchy throat & nose「sabadilhomeopathic medieibie目 non-drowsy目 no drug interactionsu,"ndc 0220-9324-04allergy relief""itchy & watery eyessneezing * runny noseitchy throat & nose®sabadilhomeopathic medicine= non-drowsy= no drug interactionsy",images/sabadil-60-tablets-by-boiron-extra1.jpg,ndc 0220-9324-04allergy reliefitchy & watery eyessneezing * runny noseitchy throat & nose’sabadilhomeopathic medicineu non-drowsyu no drug interactionsæ,ndc 0220-9324-041861719 00 71011itchy €: watery eyessneezing * runny noseitchy throat €: nose”sabadilhomeopathic medicinem non-drowsym no drug interactionse
92,加 一 一 = 喱相 一 一 一 一nat噜了ral′v丨ed|c|nef q r m ulac-bioflavonoids 500aanncanseotneos 人 c 一,—| n |naturalmedicineformulasc-bioflavonoids 500foaturingviamin g and bioflavonods p )kit,images/C-Bioflavonoids-500_bottle-image.jpg,——& — tmnatüralimedicineformulasc-bioflavonoids 500foaturingvitamin c and bioflavoncids pst,—e — .naturalmedicineformulasc-bioflavonoids 500featuringvitamin c and biollavoncids ———]pí
93,night time sleep aiddiphenhydramine hydrochloridee 伟etemporary sleep disturbance,night time sleep aiddiphenhydramine hydrochlorideio eeer t t© an aid to the relief oftemporary sleep disturbance,images/Y1JX1PSCAZ4.jpg,night time sleep aiddiphenhydramine hydrochlorideco r ls© an aid to the relief oftemporary sleep disturbance,night time sleep aiddiphenhydramine hydrochlorideo one-a-nighto an aid to the relief oftemporary sleep disturbance
94,1| diphenhydramine hci 25 mg| zueteeuuudicu idoss not confain painreliever| safeinon-hiabitformingllminiecaplets w 疫nighttimeeactive ingredientt,"|sleep aid| diphenhydramine hci 25 mgbel l g e n e b e t| « safe, non-habit formingymini-caplets . .nighttime[ g ltlp l el",images/900 (9).jpg,"| sleep aid| diphenhydramine hci 25 mgts« doés not contain pain reliever| « safe, non-habit forminguumirnighttimep e lr clun l eslactive ingredient#","| sleep aid| diphenhydramine hci 25 mgae ere* does not contain pain reliever| esafe, non-habit forming:unenighttimepe aactive ingredient**"
95,essrzwsprozdeataligocirsi 朐匹 二 g二 一 人 心ee 吊 c 一 前e 江2   chemists「“own「sleep aidfor temporary relief of sleeplessness2o tabletseach tablet contains doxylamine succinate 25 mg   ( wuulwl 述 l 途5 技   e 育,"p= i s=gytcrhermastts"" o~y=s xs t y- nx srr   chemists' ownrsleep aidfor temporary relief of sleeplessnesslo ret nseach tablet contains doxylamine succinate 25 mg   keep out of reach of childrensn   aust r 284793",images/9350299004731_co_sleep_aid_25mg_20_tabs_s3_-_268748.jpg,olisiiis se t cpun o rs4 ggod cxtfaemsss ss gssr trnl co   chemists' own'sleep aidfor temporary relief of sleeplessness20 tablets[t e en en re s aelaalate e teiat1 12 m aale]   o o e ru a e [0r   aust r 284793,— e eal aal annliay=d aqaneraists” w-< v ia=o <avior=   chemists' own'(t1 nefor temporary relief of sleeplessness20 tabletseach tablet contains doxylamine succinate 25 mg   o uo e o 0 0 n tm   u e
96,s 1 尽 a assnss「` compareto _ |u paspirin s1 mgpain reliever (nsaid)zba 【omouuupyyr,[&te ol 2018 ereirer rncompare to |dl ) acive ngredient ofaspirin 81 mgpain reliever (nsaid)rl e* aspirin regimen actual tablet size,images/00747705_dghl_lowdoseaspirin_120ct.jpg,éé e 0 e en rrn s esse vanennaacompareto }pln ts 1 e) t ingredien ofpl ese mgpain reliever (nsaid)l« aspirin regimen pen,a pp ta nnncompareto — |dg'|health acive ingedient olaspirin 81 j[ t s( ead ta t actual tablet size
97,"2.5i009196970n:cenexa一 伟 #1organic medicineno drug interactionsarn|ca , - 国途 5 育 仪 n 许 团 用 许 corganicipainireliefl genexoe ll u 坂 口 e 明 i 4 loreanic medicikemuscle pain & soreness 训 =joint pain & stiffnessbruises & swelling*、 20 弘 训",2-£100-9969 jon-genexcf#1 organic medicineno drug interactionsarnica 4 ' =advantage™organic pain relief? genexo5 ingredients for pain :muscle pain & sorenessjoint pain & stiffnessbruises & swelling*’ § #1organic medicine[ —100 sewabe o j et,images/arnica.jpg,"z-5100-92969 ion°gêﬂêx(ï#1 organic medicineno drug interactionsarnica j ; =advantage""”organic pain relief* genexo5 ingredients for pain ;d se tcjoint pain & stiffnesstil as t ite ne94 #m organic medicine__y [0 10 / e d éc",7-£100-9/969 j0n—genexcf*1 organic medicineno drug interactionsarnica * i !an ncorganic pain relief: genexo5 ingredients for paín 5da tnjoint pain £ stiffness10 1e7 dey morganic medicine[10 e enc
98,夏鲁胥tes 【clxil c″…″″a/e e 霆'a去发′/″叶e一 lmoufhl   逞荨宁羹塞 loratadine orally disintegrating tablet 100m9姜工 antihistamine羹爹 non-drowsy“allergy relief/ - arelief of昊 * sneezin* ru门门〉w副e吖 eye5~ hour …h…g of nose & throathounirgangsetuntretoeoum0poo,"compare to claritin™'al & save!    ns§o loratadine orally disintegrating tablet, 10mg§i antihistaminex non-drowsy’allergy relief"" relief of% e sneezingu » runny nosey eyeso itchy, watenose & throatj hour < itching of nsarkof schering corporation(720 wlorally60 bs pp c4 lelies   $clrtn® s registred adem:",images/900 (2).jpg,"compare to claritin""*turte) 471/#    s%$èv loratadine orally disintegrating tablet, 10mgä* antihistamines non-drowsy*allergy reliefa relief of% e sneezingü « runny nosey eyes« itchy, waterjose & throat_ hour . itching of narkof scherng corporationfresh mintpen60 b8 disintegratingg pn   4 clartin® sà reistered trader","compare to claritin""'ene |7    us$e loratadine orally disintegrating tablet, 10mg%¿ antihistaminen non-drowsy""allergy relief. relief ofx * sneezingu * runny nosey eyese itchy, waterose 8: throat- hour - itching 0f narkcof schering corporatin77 tad60 b8 disintegratingv tablets   +claritin? s rgistereo tadem"
99,,ar free /4 . ¥vapodrops' |+cough |storange menthol16 sugar free lozengesaustl 293583 ?(sue,images/original.jpg,"ar free /« mvapodrops !+cough ,psorange menthol16 sugar free lozengesæaust l 293583 ?csue",ar free /a -vapodrops |olc .oorange menthol16 sugar free lozengesaustl 203583 ?csue
100,羁theprobioticthatsurvivesprobiotic gummies铲/ms f_berpromotes digestive healthtwo ways*65 gummiese,\ digestive nadvvantage|probiotic qummiplisfiberpromotes digestive healthtwo ways*audri,images/5bb2176d30855eaf4187858289f139331f0b3506.jpg,| digestive nadvantage |probiotic g_ummipüus fiberlun e cn oe en setwo ways*__65 gummiesdietary supplement,| digestive 8advantage |probiotic g_ummipúsfiberde teo utwo ways*int te
101,newnon-drowsy“nausearelieffortravelmorning siekness &chemotherapy“ drugreenewnon-drowsy。nausearelieffortravelmorninglsickness &chemotherapy“ drug ree 2t2t,"newnon-drowsy« nausea relief for travel,morning sickness &chemotherapy* drug freenewnon-drowsy« nausea relief for travel,morning sickness &chemotherapy* drug freeatat",images/900 (7).jpg,"newnon-drowsy« nausea relief for travel,morning sickness &chemotherapy« drugfreenewnon-drowsy« nausea relief for travel,morning sickness &chemotherapy« drugfreeatat","newnon-drowsy+ nausea relief for travel,morning sickness 8chemotherapy* drug freenewnon-drowsy* nausearelief for travel,morning sickness 4chemotherapy* drug freeatat"
102,二ha田t formingu n|ghtt!mes〔皇eb,t ao t tsleepologorganic nighttime| svanilla lavender flavoqgfhe,images/3 (1).jpg,v-n e itesleepologts t rhaiie eusvanilla lavender flavodh,-habit formingsleepologte dt sleerra lavender flavome
103,匹 才gmp ˇ qnoeonecoaw minixopwthalnology dr0psfowooss ionocxmoks uovonanhclosd enatsd conpnemed nd 5poxd bsidinunnstmd isinomese,nggmp (evofloxacin hclos%) ‘  omnixophthalmology dropsfor dogs and catsindications0 keratts¥> o conjunctivits0 sweling0 epiphora0 eyold nflammation0 ophthalmoxerosis,images/TB1aXxVLXXXXXbUXXXXXXXXXXXX_!!0-item_pic.jpg,ghermet regmp — (evoticmcin hclo5%) {  omnixophthalmology dropsfor dogs and catsindications© keraitis*> d conjuncivitis© sweling© epiphora© espi inflammation© ophitaimoxerosis,aagmp — (levollxacin hcl05%) ¿  omnixophthalmology dropsfor dogs and catsindications1 keratitis* el conjunciviis.l sueling1 epiphora'£ eyelid inflammation' ophthalmoxerosis
104,formulahelps clear upchest congestion加 ins and/oosens tcdseacl15nlofsyupcongins6uephenesin200mg,formulahelps clear upchest congestionthins andloosens mucuseach 15ml of syrup containsguaiphenesin 200mg.,images/Vicks-Formula-44-Cough-Medicine-Chesty-Cough.jpg,formulahelps clear upchest congestionthins andloosens mucuseach 15ml of syrup contaînsguaiphenesin 200mg.,formulahelps clear upchest congestionthins andloosens mucuseach 15ml of syrup containsguaiphenesin 200mg.
105,gma shoulter&legwescepangstttessswelinglonnioressnisng* 。arn_car e1 一 arnicachovo,"tneck, back, shoulder & legmuscle pain & stiffnessswtllmn from injuriesbrui ingsarnicare7 —arnica gel   aron g625y + paraben-renmorks naturaltywithyous gyeé >9",images/Gel_for_Muscle_Aches_by_Boiron.jpg,"conneck, back, shoulder & legmuscle pain & stiffnessswnllmn from injuriesbrui ing—arnicare- arnica gel   on-greasy « parabon. rsts nadaraly wt ur ypoter ,$ g«","aneuer |neck, back, shoulder a. legmuscle pain a stiffnessswnllmn from injuriesbrui ing—arnicare. — arnica gel   ino grtasy - parabonsfresenl naturally wilyour bodyeneé s<"
106,“sinus pressure & painrunny nosewater eyest 一园 人 工n atrabio 60 tabletsnatural homeopathic medicineb 一,- sinus pressure & pain~ runny nosea\ ficia at~ nasal congestionrlevalte n g (ce@natrabio irnatural homeopathic medicine—,images/4 (1).jpg,tln r r 211- runny nose- water eyesrr e aw cn- hay fever allergies *lnelse 1t 60 tabletsqo to tt ton t tilsr,— sinus pressure 8 pain— runny nosee engcantsegc enqineo ts (tonatural homeopathic medicine—
107,antacid .& pain re‖efmed旧ne`,"antacid & pain reliefmed!cine« : s”,/.0/ %~...ba “~. -\‘\’sad elor b!p",images/1650004011cf.jpg,"antacid 5888 & pain reliefmed!cine« ‘ *%*,,//‘®*& ..… -;* ©%, \\’c.n-92eds -9f k;‘","antacid — — 8 pain reliefmed¡cine* - “,'/“,/[ah* 6.a 'x—¡,. a=ad ree—of ñ.6"
108,z-2i00-91969 00n#1l organic medicine,2-5100-9£969 jan#1 organic medicine  .\ i d} nlay. [t,images/91H1jbRJE9L._SL1500_.jpg,z-s100-9/969 don#1 organic medicine  a i …) nit es heu p,7-5100-9l969 2qn41 organic medicine  an ¡ …3 nitas. t
109,"cppsz 胡 dn 明 工e z 沥 一 坂 一 朋 园 一[[ 阮 = 园  nicotine free ,2-part quit smoking kit … | “anti-craving lozengesreduces tobacco cravingscalms nervous tensiondetoxifying tabletsrelieves irritabilityhelps detoxify, 48 lozenges / 60 tabletsnatural h0meopathic medicine]",paeict oo t r sa = *7reaev—_t2z2—fpart quit smoikkinag ki   nicotine free |2-part quit smoking kit | anti-craving lozengesreduces tobacco cravingscalms nervous tensiondetoxifying tabletsrelieves irritabilityhelps detoxify/ai nat ra b i 0 “ 48 lozenges / 60 tabletsnatural homeopathic medicinei,images/6 (1).jpg,l = e d e e s *ÿre.é_—_î=z-part quit smoikkimao kt   nicotine free |2-part quit smoking kit | anti-craving lozengesreduces tobacco cravingscalms nervous tensiondetoxifying tabletsrelieves irritabilityhelps detoxify/äi nat ra b i o ; 48 lozenges / 60 tabletsnatural homeopathic medicineä,[ ej — < d l — *7re.eú—_1z — part quit smoki*nca ki   nicotine free |2-part quit smoking kit | anti-craving lozengesreduces tobacco cravingscalms nervous tensiondetoxifying tabletsrelieves irritabilityhelps detoxify/aí nat ra b i o u 48 lozenges / 60 tabletsnatural homeopathic medicine1
110,"玟日 sneezing, runny nosemnnighttime cough relief","doxylamine succinate, dextromethorphan hbr@ sneezing, runny nosel at )nighttime cough relief n wa (73",images/71K28aGrOqL._SL1500_.jpg,"doxylamine succinate, dextromethorphan hbr@ sneezing, runny nosec froiielnighttime cough relief » pioo(",[ r yto e teene tnanamonighttime cough relief en acohol 10%
111,pycnorsight fe,i bio-lifepycno® sight i|\,images/pycnosight-75mg_image.jpg,ÿ bio-lifees le 1- le|a1à il,"y bio-lifepycno"" sight ¡y"
112,,paracetamol pain reliefeasy to swallow caplets,images/9338475017157_aph_patacetamol_pain_relief_100_blister_3d.jpg,paracetamol pain reliefeasy to swallow caplets,paracetamol pain reliefeasy to swallow caplets
113,一,"natural pain relieving gel7netwi. 8oz, ga70¢d",images/2559x2128.jpg,natural pain relieving gel7netwt 802 22720,natural pain relieving gelfnet wi.8 0z o
114,(genadryd,(ceeerd),images/300450170057_00591001_benadryl--d-child_allergy.jpg,(benadry1),(benadryr)
115,efas5fe3acoldparacetamol&pheny/lephrinemul tsymptoanmarele 月zo non-drowsytabletseach tablet contains:paracetamol 500mgphenylephrine hydrochloride 5mg,easeacoldparacetamol&phenylephrinemultisymptomrelies20 non-drowsytabletseach tablet contains:paracetamol 500mg andphenylephrine hydrochloride 5mg,images/841539.jpg,easeacoldparacetamol&phenylephrinemultisymptomredeg20 non-drowsytabletseach tablet contains:paracetamol 500mg andphenylephrine hydrochloride 5mg,easercoldparacetamol¿ phenylephrinemultisymptomref te20 non-drowsytabletseach tablet contains:paracetamol 500mg andphenylephrine hydrochloride 5mg
116,eprotectioneulu t 史p 门 余n,lr l)protectiontreats and preventsletncee ro 24 st trn,images/A1pUOUpRuPL._SL1500_.jpg,"osprotectiontreats and preventsnausea, dizziness, & vomitingssn",enoprotectionme au ra tdtnnooo
117,"safe & natural oral sprayetcly enhancedn,purewtergsi0 noogsressentta5 honeopwrmcasthma刹 咤 “symptom relief.】堇冀鬣""…矗魍阗 shortness of breath wwheezingtightness in chestfl502","rci n (siet tenergerically enhanced ™, pure warer by ndc# 57955-6044.2homeopathicasthmab symptom relief.iinstitute’ shortness of breathwheezingtightness in chest",images/900 (1).jpg,"cc omn eten eteenergetically enhanced'"", pure wacer bae ndc# 57955-6044-2homeopathicasthmaue symptom relief.îinsïituïë shortness of breathwheezingtightness in chest","ea eeenergetically enhanced""!, pure warer bazo ndce 57955.6044-2homeopathic.asthmam symptom relief.iinstituíe shortness of breathwheezingtightness in chest"
118,"that「s fasturinary pain reliefˇ e 一 酥y more active incre erelieves pain, burnincg brandy& urcencyy tarcets the source of pain- u 97.5mg phenazopyridine hydrochloride","that’s fasturinary pain reliefi— ]va y o1 1 n n vi a1 mostrelieves pain, burning brand*& urgencyv targets the source of pain- lirs 97.5mg phenazopyridine hydrochloride",images/AZO_UPR_Max_large.jpg,"that's fastun 1n a = 11a nnn—— #1v more active ingré most _relieves pain, burning brand*& urgency/ targets the source of pain- rl je 4 p 97.5mg phenazopyridine hydrochloride","that's fasturinary pain relief— +1y more active ingré most orelieves pain, burning brand'8: urgencyv targets the source of pain- a 97.5mg phenazopyridine hydrochloride"
119,dimenhydrinatetfablets/antiemetic,prevents nadizziness & vomiting . diaicid8 orange flavoredtablets (50 mg each),images/91snPKXD3ML._SL1500_.jpg,prevents nadizziness & vomiting sé8 orange flavoredtablets (50 m9 each),prevents nadizziness é vomiting ócl8 orange flavoredtablets (50 my each)
120,belhedlfhcarechildrenrsdry coughgycerin 0758/5mtb怕ckcu「「ant flavoursoothes tickby coushs,lsrrichildren’sdry coughglycerin 0.75g/5ml,images/bell-s-children-s-dry-cough-syrup-blackcurrant-flavour-200ml.jpg,peschildren’s —dry coughglycerin 0.75g/5ml,bellshedlthcárechildren's —dry coughglycerin 0.758/5ml
121,"pharmacistcommendednd   1. treats sym ptomson the spot convenientchewable tablets 2. prevents nausea,iting 8 orang′e flavoredtabledizziness & vomts (s0 mg each)","pharmacistrecommendedbrand kdimenhydrinatetablets/antiemetic   1. treats symptomson the spot convenient2. prevents nausea, chewable tablets8 orange flavoreddizziness & vomitingtablets (50 mg each)",images/001602630.jpg,"pharmacistrecommendedbrand edimenhydrinatetablets/antiemetic   1. treats symptomson the spot convenient2. prevents nausea, chewable tablets8 orange flavoreddizziness & vomitingtablets (50 mg fach)","pharmacistrecommendedbrand .dimenhydrinatetablets/antiemetic   1. treats symptomson the spot convenient2. prevents nausea, chewable tabletsg orange flavoreddizziness € vomitingtablets (50 m9 each)"
122,eooppooy,[y,images/luna-sleep-aid.jpg,pe,dietary supplement
123,"ndc 0220-9314-041 工sleeplessnessrestless sleepoccasional awakening「 quietudehomeopathic medicine目 non-habit forming, no grogginess目 no drug interactions目 works naturally with your body 世 - i 1 6。t[ e a历 才 人bcoqj.r@n ˇ 《u medicines","ndc 0220-9314-04sleep aidsleeplessnessrestless sleepoccasional awakening’ quietudehomeopathic medicine= non-habit forming, no grogginessm no drug interactions= works naturally with your body o qo7 [tr lal t o a t e t",images/5 (1).jpg,"ndc 0220-9314-04t4 4a muirsleeplessnessrestless sleepoccasional awakening' quietudehomeopathic medicineu non-habit forming, no grogginessu no drug interactionsu works naturally with your body dontworld leader in homeopathic medicines","ndc 0220-9314-04sleep aid'""sleeplessnessrestless sleepoccasional awakening' quietudehomeopathic medicinem non-habit forming, no grogginessm no drug interactionsu works naturally with your body e ennt uworld leader in homeopathic medicines"
124,et e e林 we (v′(`【′`\ 6,srtabsorbs quickly into n(s freenon-greasy i,images/778159120541.jpg,ps r e labsorbs pl a utl sl 1lsnon-greas) î,pain relief creamta ta aa ufragrance freen a |
125,"nd(49055-612-72cduu te“ non-drowsy*allergy reliefloratadine tablets,1o0mg/antihistamineindoor and outdoor allergiessneezingrunny noseiltchy, watery eyesiltchy throat or noseoriginalprescription strength*when taken as directed.see drug facts panel.","ndc 49035-612-12equate- non-drowsy*allergy reliefloratadine tablets,10mg/antihistamineincdoeor aned outcdoer allergiessneezingrunny noseitchy, watery eyesitchy throat or noseoriginalprescription strength*when taken as directed.see drug facts panel.p av e ;»lactual size",images/87215a47-8ad4-4d99-a781-0d19225e0de4_1.f1e9b8ec2b157cf168fa77f3b729bbc5.jpeg,"ndc 49035-612-72equate” non-drowsy*allergy reliefel e:1é-fe 11f 0) [1n10mg/antihistamineindoor and outaloer allergiessneezingeu a tanma e xitchy, watery eyesitchy throat or noseoriginalprescription strength*when taken as directed.td un 7 ts e t1 tirpn ten (llactual size","ndc 49035-612-72equate"" non-drowsy*allergy reliefloratadine tablets,10mg/antihistamineindoor and outdoor allergiessneezingrunny noseitchy, watery eyesitchy throat or noseoriginalprescription strength*when taken as directed.see drug facts panel.aea y-[raci az"
126,5浩dietary supplementdrus-free sleep aidwith melatonin & herbs30 chewable tablets .cherry flavor .,§>o3p vtrdrug-free sleep aidwith melatonin & herbs30 chewable tablets ‘cherry flavor .,images/5f76f6c2-060c-4efd-858b-cf2104f193de_1.82a40b93ecbc42aade5ecef2f45fb42a.jpeg,“pp an tu ueudrug-free sleep aidwith melatonin & herbs30 chewable tablets ‘let f de lln e .,teenedrug-free sleepaidwith melatonin 8: herbs30 chewable tablets 'cherry flavor .
127,nvenient bottleeduat te删  indecr and outdocor allergles习 小hourrellef cf:,p eequate”   indecr and outdoor allerglesl.!cllef of:: 24hour,images/40362e47-9a5d-44f0-b312-9205ca0d20ef_1.a015e61d9e2180a0b39085e613ae0b51.jpeg,reh ronai eequate”   indecr and outdoor allerglesl}ollef et: 24hour,| convenient bottleequate   indeer and outdoor allergles|_¡ol|ef ef: 24hour
128,ndc 49055-200-0cdu4 te“compare  activenon-drowsyallergye 厂fluticasone propionate(glucocorticoid) 50mcgper sprayallergy symptom relievernasal spray24 hour relief of:e nasal congestions runny nose@ iltchy noses sneezingfull prescription strength120 metered sprays0.54 fl oz (15.8ml)to flonasegallergy reliefingredient*   allergy reliefss(6lucocorticoid)50mcg per spraysreliever nasal sprayu 一 d,ndc 49035-200-01equatercompare  activenon-drowsyallergyrelieffluticasone propionate(glucocorticoid) 50mcgper sprayallergy symptom relievernasal spray24 hour relief of:¢ nasal congestion* runny nose¢ ltchy nose* sneezingfull prescription strength120 metered sprays0.54 fl oz (15.8ml)to flonase®allergy reliefingredient*   trfluticasone propionate| )l ttr ereliever nasal sprayir lg,images/fc0a9f5b-a44d-4d6f-8340-db4ad293a2b1_1.b539562270bbdc70893d49118cb4cdc4.jpeg,ndc 49035-200-01equate”compare  activenon-drowsypv cenluifluticasone propionate(glucocorticoid) 5somcgper sprayallergy symptom relievernasal spray24 hour relief of:e nasal congestionds ut ln alcic a tee 1e sneezingfull prescription strengthy c ce bn0.54 fl oz (15.8ml)to flonase®allergy reliefingredient*   ps ce nn ee d tl(glucocorticoid)e renallergy symptomls e rsi s120 sprays (rin,ndc49035-200-01equate”compare  activenon-drowsyallergy]fluticasone propionate(glucocorticoid) 50mcyper sprayallergy symptom relievernasal spray24 hour relief of:* nasal congestion* runny nose* itchy noses [-1:>a117=]full prescription strength120 metered sprays0.54 fl oz (15.8ml)to flonase6allergy reliefingredient*   nnfluticasone propionate(glucocorticoid)s50mcg per sprayallergy symptomreliever nasal sprayieno (e
129,qualityguaranteedmaximum strength/dye free,qualityguaranteedmaximum strength/dye free,images/1b7cc06c-9f08-40a2-987b-6135ac950c07_2.0dfe59250f5d770e0fb6587eda5f7966.jpeg,qualityguaranteedmaximum strength/dye free,qualityguaranteedmaximum strength/dye free
130,convenient bottlecontains 2 bottleswith 60 tablets eachnpy 4qnze_f17.7fm 4jud-0ic-19      固 edquatecompare toclaritinetablets activeingredient** 24k hcolf relief g 企@ 鸟twin pack 〖1o0“ˇ120目 mg fablet3|,"convenient bottlecontains 2 bottleswith 60 tablets each       pl equatercompare toclaritin®tablets activeingredient** 24, hour rellef of:@ o1)l\ e10 "" 120- mg tablets |",images/05af9370-6fb1-46c2-9b1a-7a3366d47369_1.39c54775d78a7fd68c4efc91a95723a1.jpeg,convenient bottlecontains 2 bottleswith 60 tablets each       p4 equatecompare toclaritin®tablets activeingredient** 26 heur rellef o%e ®ue e10 120| mg tablets |,convenient bottlecontains 2 bottleswith 60 tablets each       ea equatecompare toclaritin %tablets activeingredient** 24 mour rellef of:e otwin pack ;10 7120- mg tableis
131,wk丨n副〗()一 afe& nacural topical ndc# 57955-4001.3homeopathiccoolingacute dlk mqng 5 余 道 侧d e,kingji;__ safe & natural topical ndc# 57955-4001-3homeopathiccoolingacute dr. king’s.nesidieno parabens * no dyes s,images/King-Bio-Homeopathic-Acute-Pain-Relief-Cream-3-oz_web1_06302016094005012.jpeg,kinghiq__ safe & natural topical ndc# 57955-4001-3homeopathiccoolingacute dr. kings . hécicineno parabens * no dyes foz485 g),kinghio— safe € natural topical ndch 57955-4001-3homeopathiccoolingacute dr. king's.eoicinenen t)
132,"l kingb 沧 safe & natural oral spraytaste-free, bio-energetically enhancedm, pure waterndc# 57955.6030-2homeopathicsciatic nerveformula.for temporary relief of symptoms:hip & joint discomfortleg & back discomfort |numbness & tingling |   no alcohol , no dairy 。 no gluten, no sugar【 水 朋 园 )","i king}iy safe & natural oral spraytaste-free, bio-energetically enhanced ™, pure waterndc# 57955-6030-2homeopathicsciatic nerveformula.for temporary relief of symptoms:hip & joint discomfort leg & back discomfort |numbness & tingling | no alcohol * no dairy « no gluten * no sugar2 fl oz (59 ml)",images/King-Bio-Homeopathic-Natural-Medicine-Sciatic-Free-2-fl-oz_06302016100922740.jpeg,"l kinghi pe ete re tt ataste-free, bio-energetically enhanced”""”, pure waterndc# 57955-6030-2homeopathicsciatic nerveformula.for temporary relief of symptoms:hip & joint discomfort‘ leg & back discomfort |numbness & tingling ; no alcohol » no dairy * no gluten * no sugar2 fl oz (59 ml)","i kingbio safe 2 natural oral spraytaste-free, bio-energetically enhanced”"", pure waterndc* 57955-6030-2homeopathicsciatic nerveformula.for temporary relief of symptoms:hip 8 joint discomfort— leg 8 back discomfort -numbness 8 tingling | no alcohol + no dairy + no gluten * no sugar2 fl oz (59 ml)"
133,,"tse?"" prean i e rtel 8loriginalv/ fast relief from dry irritating coughs| v/ relieves symptoms of coughs & coldsg5y mmup [dpteny rt t,l] g",images/Benadryl_Original.JPG,p*ï‘. penbenadryloriginalmlen linétineree e ls| ÿ relieves symptoms of coughs & coldsen mmup (ope p oels e ;,amacist onleo¡p yep qut e reach of chilorenraoriginaly fast relief from dry u eee| y relieves symptoms of coughs 8: coldse mmup ssdpheny p td ;
