file,eng,fra,spa,chi_sim,word_counts,Score_0,Score_1,Score_2,Score_3,Score_4,Score_5,Score_6,Score_7,Score_8,Score_9
images/96. 002145708.jpg,"from Texas Trees, Weeds & Grasses  ~—— HOMEOPATHIC == All Season Relief:","from Texas Trees, Weeds & Grasses  — HOMEOPATHIC — AIl Season Relief: —","from Texas Trees, Weeds % Grasses —  — HOMEOPATHIC — All Season Relief: -",from Texa5 Tfees Weeds & Gras565  一 一 HoMEoWIMIC 州 l Season l′_I髓= =`,13,26,34,39,21,41,36,24,24,19,24
images/96. 859112006086_supp.jpg,infants under 1 year of age.  wﬁtionb Facts Sevings bar Comtanr 30,infants under l year of age.  Ëtﬁtio«_ Facts Senings Per Continer 0,infants under 1 year of age. -  !¿=iñtion_ Facts SevinosPor Contaner 80,infants under t year ofag6.-  Mutrition Facts b,12,24,24,33,28,28,26,36,27,31,34
images/94. 041100806574.jpg,Indoor & Outdoor Allergies Nl     2 0 LRI  “When taken asulirected SeeDrug Facts Panel. ;,Indoor & Outdoor Allergies z ané -     2 a CHEWABLE JABLETS:  d MEh és és addaa Vetlpéelots deilah '(,"Indoor 8 Outdoor Allergies ZA     2 0 2001197177  M lze 2a ei ae A """,Indoor & Outdoor Allergies zn     Z ″ /XAl/A/ 者 AE/A3/7  CWe7toKeiibJreCteH5EpD7UDTOCfS0TEJ 夥,19,9,42,30,28,31,25,18,27,25,28
images/97. 5803756e-9efd-5cd3-819a-c1315b82a944.jpg,"Compare to the active [ TE T T  berkley  jensen.        MORE  V2L H S  E B,S@ l","Compare to the active TON E RE L b  e SMS)  IZaSSar        MO  GUARANTEE  E | B,S® \","(N OCE al C1 O NOE icl  SY  aS        MORE  GUARANTEE  “ B,$© !",L ingredient in laritin “  berkley  ISESSL        MORE  GUARANTEE  ' ( …_ 口 `,18,31,25,30,45,29,30,20,27,24,40
images/449014_1280x720.jpg,pharmacy tcompare to the active ingredient       §'\ % in pramamine® Tablets  S -  N  =~ E  *%x a  N o  = 7  = o  = ¢  X DIMENHYDRINATE TABLETS/A  sickness relief 36 ————,pharmacy tCompare tothe active ingredient       \5 % in Dramamine* Tablets  s :  :SE;  = © P> .  *È:; “  V 9  S3: Û  S D  = *  SZ DIMENHYDRINATE TABLETS/ À  sickness relief 6 ——,"pharmacy +compare to the active ingredient       $ % in pramamine* Tablets  -  ,.  — - = a  *%:; u  II< o  ! q  — D  == +  X DIMENHYDRINATE TABLETS/A  sickness relief 38 — —",r “S_03  W  人 一 友  尸 B,35,22,21,25,100,19,14,21,19,22,32
images/900 (3).jpg,Err:507,"N3  W NDC 63654-526-69        Loratadine A I I er g y  Tablets USP. 10 mg  20 0m lMar 7 Ll  Indoor & Outdoor Allergies JORTIEF  Relief of: Sneezing; Runny Nose; ltchy, Watery Eyes, ltchy Throat or Nose.","Ne  N NDC 63654-526-69        Loratadine A I I er g y  Tablets USP, 10 mg  24/HourAllergy/Relief  MN AM 10£  Relief of: Sneezing; Runny Nose; Itchy, Watery Eyes, Itchy Throat or Nose.",玲  1 NDC 63654-526-69  U        Lorotodfye A//e′′gy  “ b/ets U5P 10 mg  FJrrAzRSJE7  F 7 印 077 d L L 招 _10L2ZZ3  Re/ief of: Sneezing; Runny Noser /tchy: Watery Eyes「 /tchy Throat or Nose-,37,24,13,28,19,30,19,41,23,34,25
images/95. 8887319426163_0102_1502189900528.jpg,"2rgy symptoms relief  Relief of + Runny, Itchy Nose s 60 +/ Sneezing . s  h our + Watery, Itchy Eyes + ltchy Skin Rash",">rgy symptoms relief  Relief of «/ Runny, Itchy Nose > 60 « Sneezing . è  h our « Watery, Itchy Eyes </_Itchy Skin Rash","2rgy symptoms relief  Relief of Y Runny, Itchy Nose E 60 Y Sneezing . s  h our Y Watery, Itchy Eyes Y lItchy Skin Rash","rgy Symptoms relief  Relief of w Runny, ltchy Nose W Sneezing  h OUr 奴 Watery, ltchy Eyes w ltchy Skin Rash",24,31,21,24,21,34,24,100,21,43,28
images/96. 000896525.jpg,"| : . . Compare to Tylenol® Sinus + Headache 4 active ingredients® §§§§ NDC 37808-466-08 i\  wimmoary - Sl ok e 27,  s s PIT S S PIANCS MBI RIS poA S ES KT SIBII TSI S I PITII LIRS FAS Y 3.     P £ KL CPIISEP LN TS  i T T EOPS TET TCIIE S FA LI TET T  = Nasal Congestion ACTUAL SIZE  Instant Cooling Sensation  24 CAPLETS",| \ . N Compare to Tylenol® f d CEOE LS 4 active ingredients* ÊËÎË NDC 37808-466-08 â‘  ocsouprurens z ÉTUIS LI EE L 34  Drensanz s105004 045 SD LAAIANCS ALEFDULISEEII N SO UAN DEF FPOITIGIII SE LD FPAIIIE OL TILEEAAS FOUS SNF     LAILIEL = IL CDISLCTLNL S SS  R 0 EFTOAMNS LI CIS PSAS T 07 IOTNES S MMN HAOFCROAS  « Nasal Congestion ACTUAL SIZE  Instant Cooling Sensation  24 CAPLETS,| x _ N Compare to Tylenol* ST oe u active ingredients* 555% NDC 37808-466-08 $W  — E _ 2  aaIO D1 JO TPNA DI DI 1D AD III DIESID 1O PDIIIDUJIVLLLS ID Z) .     PO p XA INO NMZ  . a D TI AA AA JO77 - FDDIEIA FELIAA FEN  s Nasal Congestion ACTUAL SIZE  Instant Cooling Sensation  24 CAPLETS,元 z 砂  crzeroarery 一 7 M totZTLIEooi2  x a syz  vmomreem cr < aorrariasy  anvzurv d ir -  口 u 口 口 d 孙  g iici aavmmazaymidrarccr ir y ′″″″。=′  razar 又 L ZzimiydzLmurigr A  0 阮 心 3 - 工 - d 二 rgrcP 55 二 CFXErct AdL L 工 LIFEriar           Compare to Tylenole Sinus + Headache active ingredients*  NDC 37808-466-08  Relieves ′ s Headache Paln  GSinus PreSSUIE Nasal CongestI0n ACTUAL SIZE  Instant Cooling Sensation,71,18,18,31,32,20,20,28,28,19,12
images/558254_xlarge.jpg,"Mucus Cough  & Cold  © T0 CLEAR BLOCKED (LGN TG el LA (3 . MUCUS FROM YOUR W [T TN N LA (LEN AT 1N [ SR )  200ml  Each 5mL of oral liquid contains Guaiphenesin 100mg, Phenylephrine hydrochloride 5mg","DL RI  dl  « T0 CLEAR BLOCKED OR RUNNY NOSE LS (R ; MUCUS FROM YOUR (I TT SUN LUE S ( VV (RI R GRS  PLn  E A DE A TO ETE Guaiphenesin 100mg, Phenylephrine hydrochloride 5mg","TA  8 Cold  CN7 M TS — TO HELP EXPEL . DI BN P CA (AO  aI  Each 5mL of oral liquid contains Guaiphenesin 100mg, Phenylephrine hydrochloride 5mg",Mucus Cough  E  L E  MUCUS FROM YOUR  0 仪  E  uuuL  Each 5mLoforal iquid contains J E,38,20,22,18,26,21,7,16,17,13,19
images/95. claritin-5-and-10-ct-9-12-11.jpg,$5.23  DRI,aller,$5.23  1DTOOO =,55.23  川 吴 HI,1,40,40,100,60,60,100,60,60,60,20
images/262838.jpg,"Maximum Strength  amprin     P     =  P Maximum Stength 207,  amprin  and Cafeine-Free R sminoghen, Panobon & yrlamine Walate 20 Caplets  E Menstrual Pain Relief C H","Maximum Strength  amprin     P     =  P Maximum Strength 0Z  amprin  ‘and Cafline-Free M hccusminophen, Pomabrom 6 Pyrlamine Maiete 20 Caplets  Ë Menstrual Pain Relief C —","Maximum Strength  amprin     P     s  P Maximum strength 202  amprin  aand cafteine-Free al ncaminophe, Pamobrom 6 Pyriamine malate 20 Caplets  E Menstrual Pain Relief C —","Maxinmum 5tength eK0Z。               P Maxnunmsterglh 志 0  amprfIn  5 二 Mens″‖a_F薯i""翼叠‖e_ _ 3′ ypo777Z7  1 nneeoniotenete hn pnongiinneules 20Gplet",26,21,20,20,29,20,10,21,29,19,24
images/95. box-of-hayfever-and-allergy-relief-tablets-on-white-background-cca4pt.jpg,El] alamy stock photo el,E alamy stock photo en,El alamy stock photo —,回 alamy stock photo E,5,27,23,41,36,32,32,32,32,27,41
images/96. large_608089_doeqeoxr49hzjvzeabn363t9_.jpg,"Clear Allergies e        Per DOH-FDA CDRR Permit No. 26: August 18, 2014 to December 31,2014     014  Promo duration     &  Contact Us Y ETs Torms & Condition's Privacy Policy 2013 WSD Philippin . P  (L R e","Clear Allergies C e        Per DOH-FDA CDRR Permit No. 26: August 18, 2014 to December 31,2014     014  Promo duration     G  SS L site Map Terms & Conditions Privacy Policy PE ; PE T  If symptoms persist, consult your doctor,","Clear Allergies O ecimer        Per DOH-FDA CDRR Permit No. 26: August 18, 2014 to December 31, 2014     014  Promo duration     a  OCE Glossary Site Map O A D le a ee ea dA  E de 8 Ea",Cieorhlergyles 园        fDACDWRPemihe 24szol4 20M4toDecenterai zoi4  DomoduionAugusn       E E Ste p D b E c  E,39,27,16,24,27,19,25,27,25,18,2
images/426411.jpg,ACETAMINOPHEN & DIPHENHYORAMINE HYDROCHLORIDE        40 capLers,ISSLU EDL UIMN EUN        070175,O TTEETDETETETA        A Te,w        l,5,25,25,31,31,41,25,28,38,22,38
images/95. allergy-asthma-sinus-center-services-lexington-ky.jpg,BREATHE EASIER WITH  Effective Treatment  i S,BREATHE EASIER WITH  Effective Treatment  # … UEc 3,BREATHE EASIER WITH  Effective Treatment  s IC s,"BREAT HE EASIER WITH  Effective _ Treatment 七 脱  , 史 怡",9,29,15,27,37,22,31,22,18,29,29
images/785172_xlarge.jpg,Dry. Cough Medicine  > Soothes dry irritating coughs  T s  OOOE T PINEEE,"Dry, Cough Medicine  > Soothes dry irritating coughs  OO EU  PENTOXYVERINE CITRATE 15mg ETE","Dry, Cough Medicine  > Soothes dry irritating coughs  EO TT DTS  hO aa AUSTR52355",D Gough Medicine  > Soothes dry irritating coughs  E  u A,14,26,31,28,30,27,25,24,25,26,24
images/100. 4ea1b167-2661-4af7-b12a-f357160f9d0e-01.jpg,"E) o1 20219+  “dX3  ‘ON 101        CVS°  pharmacy       LORATADINE TABLETS, 10 mg VI3  24 HOUR ALLERGY RELIEF  Relief of:  Sneezing; Runny nose  Itchy, watery eyes | Itchy throat or nose  LORATADINE TABLETS, 10mg. i        s q uCVS'Quality  P -  &  CVS®  pharmacy e       LORATADINE TABLETS T ' LU TRy VT S       . \ INDOOR & OUTDOOR ALLERGIES","ED 21 22s :  ‘dxa  ‘ON LO1        CVS  pharmacy       LORATADINE TABLETS, 10 mg ANTIHISTAMINE  24 HOUR ALLERGY RELIEF  Relief of:  Sneezing; Runny nose  ltchy, watery eyes | Itchy throat or nose  PEN RIR EU        = _,J °WS'Quali!y  e s=  #  CVS”  pharmacy 2       LORATADINE TABLET$ LUIUT) ' ANTIHISTAMINE       = \ INDOOR & OUTDOOR ALLERGIES","E) 2T 20279:  “dX3  ""ON 101        cvs'  pharmacy       LORATADINE TABLETS, 10 mg ANTIHISTAMINE  24 HOUR ALLERGY RELIEF  Relief of:  Sneezing; Runny nose  Itchy, watery eyes ! Itchy throat or nose  TT T EUN        - _,¿ ºCVS'QuaIin  e Te  d  CvSs'  pharmacy “       LORATADINE TABLETS T l ANTIHISTAMINE       - l INDOOR 8: OUTDOOR ALLERGIES","E 4 2lat9:  “dX3  “0N L01     CVS「  pharmacy  LoR^T^D′NE TABLE5T3, 10 mg ANTIHISTAMINE  24 HOUR ALLERGY REL1EF  Rejiefof:  Sneezing; Runny nose /tchyy watery eyes /tchy throat or nose     CVS「  pharmacy 夜     LORAT^D′″E T^叠LETs 10 mg 1 妻 ANTIMISTAMINE  : 晨 ND00R&.OUTD00RALLERGIES                  umpuroapom L",54,7,7,21,22,43,21,37,17,16,25
images/98. montelukast-asthma-and-airway-allergy-drug-molecule-skeletal-formula-kmrt37.jpg,E) alamy stock photo,& alamy stock photo,EJ alamy stock photo,回 alamy stock photo,4,37,26,32,32,37,32,32,32,26,26
images/900 (8).jpg,"Relieves DENTURE and  BRACE sore spots  T  e 4  TI=E  = P  DENTIST RECOMMENDED     “The ADA Council on Scientific Affairs’ Acceptance of Benzodent A s Danture Oiniment is based on its finding that the product AP tive for temporary relief of pain due to mouth sores, when  used as directed.”  o G B S  Benzodent  NETWT 0.25 0Z (7g)","Relieves DENTURE and  BRACE sore spots  P——  DF  CLEZ  —> Énx c>grer uuc rz  DENTIST RECOMMENDED     “The ADA Council on Scientific Affairs’ Acceptance of Benzodent AéI5esic Denture Oiniment is based on its finding that the product aS2eive for temporary relief of pain due to mouth sores, when  used as directed. ”  R— <»> —> — w»s  Benzodent  NET WT 0.25 OZ (79)","Relieves DENTURE and  BRACE sore spots  . —]—————  7  ?—  P Ea a><—>—an—>=y  DENTIST RECOMMENDED     “The ADA Council on Scientific Affairs' Acceptance of Benzodent Abedesic Denture Oiniment is based on its finding that the product a efiBchive for lemporary relief of pain due lo mouth sores, when  used as directed.”  a — — as — ""=  Benzodent  NETWT 0.25 07 (79)",Relieves DENTURE and  BRACE sore spots  - 一  一  1 一 一  BRzszsc 芸 g  DENTIST RECOMMENDED     Acoeplencs cf genzodenl 伟 师 ding hofihe producf Joe Io mujh sores when  “The ADA Councll en Scianfic Affoirs Andigesic Dentre Oinenfi pased on f 5 院 Sve for lemporory relef of pain sedosdireced 「  嘻`′.二蕾髦`一重磨 曙矗鼻薹雇磐叠] E 二  Benzodent  NETWT02507 ),62,16,3,37,19,21,28,21,25,12,19
images/375e067cb34bc56ae3be98153a54c02a.jpg,125 Dissolying Tablets,125 Dissolving Tablets,UO,E 孝 e  L RELIEVER     U,3,23,36,45,55,32,36,27,32,36,33
images/836007.jpg,\  | MACY MEDICINE  KEEP OUT OF REACH OF CHILDREN     & Pain Relief  For rapid relief of stomach ache and pain due to cramp or spasm.     2 0 Tablets Each tablet contains hyoscine butylbromide,\  | MACY MEDICINE  KEEP OUT OF REACH OF CHILDREN     CTN 172 TS ARRGRES  For rapid relief of stomach ache and pain due to cramp or spasm.     2 0 Tablets Each tablet contains hyoscine butylbromide,|  | MACY MEDICINE  KEEP OUT OF REACH OF CHILDREN     é Pain Relief —  For rapid relief of stomach ache and pain due to cramp or spasm.     2 º Tablets Ie ei (u NE SI 0SM ON C TT,| 《PMARMACY MEDICINE  KEEP 0UT OF REACH OF CHILDREN  & Parn Re/ief  E u e and pain due to cramp or spasm.  2″ Ta″/e′s [ncduutiE I Ibromide,35,27,27,34,28,17,28,24,19,21,21
images/900.jpg,"TS  NyQuil  COLD & FLU (LT L A s I ”  ches, Fever & Sore b L  L","Alcohol Free  NyQuil  COLD & FLU DL Acetaminophen, Chloroheniramine, MLEU  ;  P Throët ineezing, Runny Nose  R ETE","AOO  NyQuil  COLD 8 FLU DTT Acetaminophen, Chiorpheniramine, 7e2 ual  -  C TA a Throst neezing, Runny Nose  T",Alcohol Free  NyQuil  COLD & FLU Nightime Relief Eoouupppy  1  ches fever E Thm氨' 沥 训 M  肖 esmteltmusints,18,20,19,26,28,31,19,23,19,39,23
images/900 (6).jpg,[T EENS (TR SR  Aspirin 8  81 m 9/ Pai Pain Reliever (NSAIP)  500 e  HEART HEALH  L  Lo Bayer  o [y e T AT FOR oUSEH0LDS WITH YOUNG CHILDEEE,TT B2 CT L L  Aspirin 8  CRN l VA SZN Pain Reliever (NSAIP)  500 e  PE  C  A COTE  u Low Dose Aspirin active PE NOTFOR HOUSEHOLDS WITH YOUNG CHLDREY,p E [ e au  Aspirin 8  81 m 9/ Pai E TA C CA  500 e  ua  o  pareto Bayer  — Low Dose Aspirin active I MOTFOR HOUSEMOL s i YOUNG CHILDREM,"As u 东 胺  [ E Pa_n E (""s^m丨  500 雄  厂 2  0 0 E “ rlown 0 E 7T",31,25,26,18,17,24,20,20,22,15,22
images/57543.jpg,"Ve DR 4G A gy P ® f. tHoeurng x e e e n e r e ;” "" - Intensive Concentrate For Relief & Recovery WAR  Inflammation Formulation  — with Arnica, Vitamin B6 & MSM — I  NET WT. 4 OZ.[1149]  \_____—/","dl ORE 4466109 Wl (n G) P Q ,Î euine x fl (ote e n e r e lm A } ntensive Concentrate For Relief & Recovery WAR  Inflammation Formulation  — With Arnica, Vitamin B6 & MSM _— '  NET WT. 4 OZ .[114g]  \________/","U Dh NEG AE “) P 0 …p. 'Uevine x e * oy e n e r e ;“ , ., — Intensive Concentrate For Relief 8: Recovery WAR  Inflammation Formulation  — with Arnica, Vitamin B6 8: MSM — H  NET WT. 4 OZ.[114g]  x______/","g Mn 园 ) P tuine 倩ne  R Intensive Concentrate For Relief & Recovery  ````` rn     Inflammation Formulation  一 withAmica, Vitamin B6 & MSM 一  NET WT 4 OZ.[114g]  ]",45,20,17,20,18,18,31,17,18,22,11
images/007401.jpg,i T i e S S S f eSS IS SIS s T s T £ S e frelerrr FEP T S = IS s trer Fr RSt e e S s ey ST L s sl A eSS LT L WA TES T =i e e = 2 Y e e ter S cose s 7           B e  Lo ZFre T LT ey F <Pr —F ZIrT TS FaTi L Zer= T = iveeks —ees o7 S omc ik S Ter rarr 72 ST S e rr E e     Emulgel  Diclofenac diethylammonium gel 11.6 mg/g equivalent to diclofenac sodium 10 mg/g (1% w/w)  For temporary relief of local pain and inflammation AusTr 47676,"LEIS LS 1II/I IL I LS LEMOS TPI MIOIS MPIIOT F ILIS DOIIPISI IL IR ESDS7 S Larr es Mrardarun” FCP S—n L77 5 LTS SUS LI USCAT SS S HS FT MI CEIN I SP S SPI E LSSS OS Z A WNISES CIS ILICE INTEST SN Sn LIF CLS III S SJ T HST ISS LOST IOS TT ISES SS LPUIT SS ESS CIS ENLEST T II S 0SS0S IL ILO0S           OD TEI IS L5CT)IS CUYII S ISMFN 855 A JIRN LS  L> L)7S ISS OE OT ISS T F IT -F EMTT ISS HID COOIOO C COE E E ESL OS GD S, (S SS 05704 SS ISS SE SIT SESST TEI I ISS TID LS PL7     Emulgel  Diclofenac diethylammonium gel 11.6 mg/g equivalent to diclofenac sodium 10 mg/g (1% w/w)  For temporary relief of local pain and inflammation AUST R 47676","o L=772z> =I. ==7 -7 1- DI III LIIIIL7ITIILI SrO P— FO — ZA Lsser= Ij II 1- I= S 1S A I 2IzTILAIIL ATDELS7 =y =S DIALIIDIZ <2 DZ LEIIITIEZ ELISDL= o =X£ 77O 5= 777           q7 7LIZ25= l--7 ID I/IADZII 25 D ID ID  Lo 7 I= I =I F 7 A LTIES TI7 ZEZ ES E L=ETEEZL, - I 12KIL TI7 TELO DT IIIIILID     Emulgel  Diclofenac diethylammonium gel 11.6 mg/g equivalent to diclofenac sodium 10 mg/g (1% w/w)  For temporary relief of local pain and inflammation AUST R 47676",一 厂 eorymeoeyrimLs 一 广 口 2 广 coerz 一 zmyrz 吊 广 cor [zraczymryz 心 r - 不 r czea - 东 cz e 人 > 一 scr 吊 人 zredres 口 c L 加 seoco 一 cz[ ismcre< 一 ezvezx 二 心 广 5iz 心 工 a 口 心 e z<derezprze czrizr7z 口 erzczrzreiis- crriere:c 一 一 一 yz 心 cise 心 [ 一              Esrzozzzsczzatzzysczzztdtstcrzctuztszatrzotozoctotsdzdo  < L 心 心 志F 不 - 心 不 一 c 一 不 L c 一 二 2 万 5ERZ 乙 二 E EBESELZC 一 心 心 心 c A ez 广 12xiX LZzyEzrrz 心 zzr     Emulger  Diclofenac diethylammonium gel 11.6 mg/g9 equivalent to diclofenac sodium 10 mg/g (1% wW/w)  For temporary relief of local pain and inflammation AUSTR 47676,145,17,12,21,17,26,24,21,19,24,18
images/97. xfamily-dollar-44-329-1.jpg,"Diphenhydramine HCI 25 mg  Diphenhydramine HCI 25 mg  N IGLELE N7 78OS €  6LLL2-N £009160 NNS  1686-920-008-1 1129 (SJUaWWw03 10 SUo/Sany  GPIXOID WNIUEI] 918 PIOE OGS ‘apXOID DI ‘104001e 1AUA(0d ‘0910 auauishiod 25010 AUNEISA0ION ‘ARAEAIS WhISaUBRL “21eydsoud WDIED ‘Dfe WnuNe /24  P21 030 ‘YoIEis uioo SjuIpalbul anaeu|  J3GUING 10| U 41Ep UOREAKa 1 el pUa 335 W ainisou wos ajoid m  (4.98-.65) 9,08~ aimesadua) woos paloAuO e 2Jois m uojewioju; 13yj0  abe jo sieak g Japun uaIpip i anposd siuy asn jou 0p  a0 0 sueal g Japun vaIpID 96 0 s1eak 24 J9pun 0} UBIPI Ja10 puUe 302 0 SseaK SIGEZ 01 L | 2k uaipiud pue sinpe SIN0U b Ul SES0P § UEL) 40U 2XEH 10U Op 10049 01 p iona ayel m SuopIaq  eme b  181080 [031U09 UOSIO E 1921U09 J0 djay [201aL 130 '350pJa10 0 2520 U] “USIPIIYD 0 Y3ea Jo 110 daay ‘350 a10j2q [euoisssjoid  WSy © 45 “Buipsej-iseaiq 10 jueubeud ji  (panunuoo) sjoe4 bnig  e |     521381  abuetoxa 10 (1308 i) Py .0 08 00 e ue e ot prpasd posn pue ebeped iy LPAUSIES 001 1N VSN SD18Z O SHLIYN ‘00U 30MNOW 1070} ONI'S3OINAIS HYTION KT  A8 GLNGLSIO 226260010038 p¥80S ‘wOEIEAIN AB38INY <IfUpeuag wewspes  POsEISI0a1 4} 0 U ‘SIROUIESH JOUISUO) KON  fq paINGUISID 10 paInORJIURL U S JONPOI UL,  <@ uaIpip i Ae0adsa 0920 few Angenovo m Aauuoew Bunesedo  10 81U 010 # BUIAID UL I}21e0 g W SsausnoIp asealul  few SIazIInbUE PUE ‘SSIERSS ‘10U0DIE W  S A0YOI pore m  10990 few SSAUSOID poYe @  1anpoid sy Buisn vaym  SiazbueI) 10 SenTepas ubiel  a1e oK 1 35N 810494 Isi3euwAeYd 10 10130 € ASY. pueip  eiesoid pabieiua Ue o} anp Bureun ajgnos SUOUOLQ 2NU0I  1o ewasfuyduwa se yons waloid uueaiq e m  EUWOINEID M _aNey nok 1 35n 810j30 10190P € A5y U U0 paSn auo Gana ‘QUIEIpAYURUITD  BuLIRIY 11POJd JaU)0 Aue Ui m  Adoa1s pIuD ® e oy @ asn jou 0  sbujusep  GURGaUS @ 350U AUUNI 100 UOWIOD U1 0} np Swojdus asau Sanaye) Aueiodus) m 1201} 10 850U 341 JO CUIGTH M Dugaeus m  Sala Aiajen Aoy m _ ssou Auuni m  saBsale KiojedsaJ Jaddn Jaulo 1o Jansy fey 01 01D SwOIAS asou) Sanal Auesoduol m sas)  B G2 10H sulweIpAUEdIQ (1312} yoea u1) Juaipaibul anay  sjae4 6nig  auweIsY  asoding     NG oo           B-0500-329-22  REV0410C32922  ot","Diphenhydramine HCI 25 mg  Diphenhydramine HCI 25 mg  PN 1Z62E/57SOSQE  6LLJ2-A E009L60 NIS  4605-92p-008-E 1123 ésjuaw1uos 10 SUONSaND  EpxoIp WnueIT “Ojet piSe OueeIS “spxOIp ucois“JOyooIe JAU!AIOd |ooKIB au/AujeA/0d “asono aueySA OOs ‘ojsea)s WnIsaUDEUr “yeYSOUG WUNIIENI “oye WNUNUNIE 224  pai sB0 ‘uoseIS WiO9 SJUBIPEIÔUI SANIEU)  Jequunu jo pue a1ep VONEIX@ 10} dj pua 285 M uIOU W 1981016 M  (4.98-65) 0.0€-,84 eunpesaduay woos pajjonuoo je siojs m UONJewoËu 19Y}O  abe jo sseak 9 sapun veipie uI onpoud SI sn jou op  abe jo sueaf 9 sapun v@spigo 62 jo sieaf 21 sopun où 9 VOipIIo Jano pue abe 0 sieok svaigezo L | 2k veipiyo pue sunpe SInOY p U SESOP 9 UEU BIOU S JOU OP M snoy 9 03 p Alata oyey m SUONIBNG  “Reme quôu  1®1U89 JONUOG UOSIOQ E JORIUOO 10 dja4 j20!pau }8 ‘asopIanD JO 35€2 u| ""uBsp|1U9 J0 Yse@ j0 NO d@oy “asn 810J@Q JeUOISSSJOLŸ  uueay e yse ‘Buypaaj-jsea1g 10 jueubesd j/  (panunuoo) sp9e4 GmG  Velges L     21381  ur1 ce n pj @ 1 01P70 ue hue 0ù se e jonpos pasnun ue eBeyped wts &pausnes 440010N VSN S0L0Z ONSMEHLIVN ‘avou SOUNOM 1R DN SZOINSES BYTIOU ATMVE  XG CaingrLSIO Z262500LPON3H — pHBOS ‘miqeyenin AGsej1y /upeuag weuspesy  patastGas u, jo OUR ‘SIEOESH J3UINSUOG JONOI  fa paynaunsip 40 paunypeynueu JOu si jonpoid sIL.  < _ voupit u ervadse ‘5n300 feuu Aayigenoxe m hiauoeu Gunesedo  40 ajjyen sojous @ Guvaup V nj à M 5SSUISOID SSPBIOUI  Feu ssozynnbuesy pue ‘sanieps ‘(OU00/e m  SyUup OjOYcO pIOrE M  4n000 Keuu SsauiSMoup pyseu m  ronpoid sy Oursn vaunt  stezjmbues 10 sonnepos Buvey  ue nok | sn a10J9Q ISISEWJ@UÉ 40 101300 € YSV pue  avejsoud pabsejua ue oyanp Guneu,n ajgno3 m ngOUOQ SIUONLE  40 ewesKyduo se yons wa1gosd Butyressg e m  puuoone]B m _aneu noK 1 sn 640/0G 10/30P € YSV Up}s O pasn œuo vona “auwespAquaudip  Gurureyuoo jonpoud sauyo Aue u e  Aéoais piuo e oyeu Oj m es 104 0Q  shususem  Durzsaus m aS0U RUUN “pj09 VOUUOO @n oùanp SoIdÉS 8Say) SnIes AiLeJOdue) m e 10 asou a jo Buigou m | Ouzoeus m  sefa Kisjem Ayoy m … a50u Auuns m  -sabsaje Klojedsas Jeddn saujo 10 30184 e oyanp suuoydués asauy Sarije Arexoduay m sasn  But GZ 10H aujwespAuuaudIg (laygez yoea ui) Juaspasbut annay  s1984 1G  aurersIgau  asoding     IOUN           B-0500-329-22  REVO410C32922  008","Diphenhydramine HCI 25 mg  Diphenhydramine HCI 25 mg  9 NZZ62£ 117780 E  62222 €009160 NYS  1606-977-008-L 1e0 ¿siuewnos 10 suoysany  epoyp tnmuen ole) _Pe ouees aPNO uaois “Jouoaje ¡urviod “¡0oN6 aua AuneRjod “asojnieo aulejsÁ00J0ju “ayzeays wunisaubeus “aueudsoud tnryeaj “aye wunununte 224  pal 990 UoElS WIOO_SIUE/pa1bur anjIRU/  Jequinu yo] pue e1ep uonendxs 1j del pus 22s m aumstou wouy ¡oejozd  (4,98-69) 9.08-.61 esmesaduva) woos payonuoa 1e a1ojs m uoneunoju aujO  abe jo sueBÁ 9 1apun uapyo ul ¡anpoid SI asn y0u op  añe o sigof g sapun vaupyo De jO sueañ 21apun 019 uaupyo -ano pue abe j sueaÁ siaaerz 01 | | - 21 uaspyuo pue smpe sinoy yZ ul sesop 9 ueuy arow aye) 10u op m sInoy 9 01 p Áleno oyer m su09au10  “Aeme yb  JaJueo jonog uosio e 1eyuoo 10 djay [eoipat 196 'asopuano JO aseo uy “usupyIyo j uaeas yo 10 daay 'asn auojed IeuoJssejoud  unoy e yse “Buypoej-1sea2q uo jueuboad y|  (panunuoo) s7924 6mug  oey y     521381  ua (a yun) pura e yauj o u hue 01 sfp 0 ua pnpor pasnun pue besped uniea ¿paysnes 9400 1N YS SOLEZ ON 'SIEHLIVN '0VO 30MNON LOPOL ""N 'S39IAJ3S UVTICO ANV  ""8 OBNBRISIO 2Z62e00LPONIH — — PPS0S ""m.QENENIN ÁDIEI ¿Ipeuag yuewapen  porajias auy JO 0uI “eveopIea ¿0uNC NENDIN  Áq pamqusip 0 paumoejnueu JOu si yInpo1d SILL,  4 ueipio ul Aerads “inano Aeuw Ayyaenxo m Areulzozu Guyerado  0 apoen ¿ojous e Bunup uay [njejeo aq a SQUISMOJp asearoul  Aeuw siazimbuen pue 'sennepes “1oyooje m  syuup onoyoote pone m  1090 Ae SsauIso1p poyeu m  19mpozd siyy Gursn uaum,  siezjmbuezy ¿O seayepos Bunres  1e noÁ 1 asn a10j9d Is1aeuIed 10 10ja0p € ySY puejo  anejsoud pabuejua ue oy anp Guneuun ajqno an siiyou01q awuoyo  10 euasAduo se yons wajqo1d Gunyeasq e m  euconej m__oneuy noÁ 1 as 1010q 10190P € XSY uD UO pasn auo uano “auNueJpÁQuUeyd  Gururequoo ranposd Jayjo Áue yan a  Adeays pluo e ayeu oj m — esn 0u 0g  sBuNIeM  Gurzasus m —asou AuUnr mi_—pjoo vOLO9 uy 0y anp suorduwÁs esauy sanayas Áuejodua) m 1804110 as0u ay yo Ounioym — Guizaaus m  saña Ajajem Áyoy m — asou Áuun m  ssrbuaie Aoeurdsas Jaddn ueujo 10 20na Aey 0y anp suogdtws asauy sonayes Áuesoduay a sasf  'uy 62 1944 aul pÁyuaudia (18108) y929 u) 1ua1paibur any  s19e4 Gnug  aunuersIynUy  asoding     INIINIDA ===           B-0500-329-22  REV0410C32922  le",Dipletydfamine HC125mg  Diphenhydramine HCJ 25 mg  | 2 80  6LA2M 8001600S  Ieegprgmelies 3sut0210s1015000  Immmmmmgm ueofs pgcpMewicd potfstefgetpd nppoamipptnapiu 3uesunssudeu gnppop unutne /  队 250 Rs elpaifuy 202841  Anuinlputspuotedandalpuasss anpeuuoHpsade  36.69 00eSLamgpstun uon pqpuaoRapgs peuojreW0  seppsetgpo uappgapgad u  s tg punuepti e 2LRpunal3uapWp epeepaef pqz91| 2Lappppuesppe  snotizolssopougaouseipuopa  nolgolymaaga  SU010810  Mnetl Jsglpwogunsedepstmouodpilopes t copeojoimalapp ipepodiey naopqltuossao4  esttpa lupoarisanuciuestanil  (panuluooj foey b  u     EEJ  cocoesnpntniemn taaseteegeodpoe 口 ceentnesseinn ssetim ptaptoniott ow sBpasyrmeamd Jneutsd riooigEy ens wnn/2niy 0Poue eupel  poaste ag 月 aune ageqhsunsno h  月 PipdnpJopanpapueu usipnpas  有 01P4AEpetsa ynoleu qnipas Uautpeu iogesto 1sptpunputloypusytpm a E Jueninboonpesepss p upoegoppoas Inolusevenoppeeu popodsi0 upnuaut un oenoiiosnonptiipetueioinposiy 6 snpodpatmpaueolinptugsuunafnos puaqotop Josuxstttunseypnsuntodlogeaqes neps uneuilssn ampauopopsy Peniinuit eptpsgp bouepoopnpod .egplis ua epphpeseucls agnipueg E  Oopsmtss souliuna Ppouuum elnpsuntulsssogsepupapduna  p  poohona  6agp pidsa atorJsgo 0 t inpsunulsssogspulpeodunla  E  buszphstueptibst (lelgay 4op5 句 Japayul anpo  SJ28J 5  sn  2sodny     山 山 山 日           80500329.22 REV0410C32922  Geazee-,382,20,9,27,18,17,23,21,16,11,16
images/900 (4).jpg,ULTRATABS™ '  i Fl el EL R 24 113,CC TIL TVR '  *small tablet size actual size 24 113k,ULTRATABS”* '  *small tablet size actual size 24 ENE,山 U     M 24 U 日,11,35,27,25,29,26,33,17,23,27,23
images/98. 00312547171366.jpg,"ALLERGY  Diphenhydramine HCI 25mg | Antihistamine         R -1, TV T R T, T YA [ 11 ' ltchy, Watery Eyes B TR T T  ULTRATABS™ @  et PR 872 ELAEINYY 4 8 TAB LETS","ALLERGY  PS el SIRV e Tn         “ Sneezing “ Runny Nose “ Itchy, Watery Eyes © Itchy Throat  UR TIL @  *small tablet size actual size 4 8 1L LEÏS","ALLERGY  Diphenhydramine HCI 25 mg | Antihistamine         BC — Runny Nose — ltchy, Watery Eyes — ltchy Throat  ULTRATABS” Q  BFNEN EN actual size 4 8 U |.EÍS",`ALLERGy  Diphenhydramine HCI 25mg | Antihistamine         “Sneezing L s 春 k 二 一 Itchy Throat  U  EE 李     0 日,30,27,19,20,23,37,17,38,38,51,25
images/96. s-l1000.jpg,Compare to Zyrtec® active ingredient’  @ original prescription strength  Members Mark cetirizine  hydrochloride tablets 10 mg  antihistamine  Indoor & Outdoor Allergies  PR T T = G * Sneezing * Runny nose  R0 watery eyes  * Itchy throat or nose     Compare to Zyrtec' Compare to Zyrtec active ingredient active ingredient  e P           Members Mark     PRI (- R prescription strend B8 R  (o]l cetirizine  yarochloride tablels 3 ride tablets (R ydrochloride 2Bl     400  Tablets %&’.35         e antihistamine         P N,"Compare to Zyrtec’active ingredient  @ ( dle 1In CT dletilo Sc Te14n)  Members Mark cetirizine  hydrochloride tablets 10mg  antihistamine  Indoor & Outdoor Allergies  24 hour relief of: « Sneezing CC e S  « ltchy, watery eyes  D LS Cl     Compare to Zyrtec* Compare to Zyrtec active ingredient active ingredient  m. r …           |Members Mark     PEN 17 uE PS EN E 7 DON  cetirizineg cetirizine  ydrochioride tablels h r DE RI     400  Tablets âE.tL         PE 5 EDL         PIEEN Allergÿ","Compare to Zyrtec“ active ingredient'  º original prescription strength  Members Mark. cetirizine  hydrochloride tablets 10 mg  antihistamine  Indoor 8: Outdoor Allergies  P NA * Sneezing a 0TT  * ltchy, watery eyes  * Itchy throat Ke M TT     Compare to Zyrtec' — = Compare to Zyrtec active ingredient active ingredient  noconoas E E           Mermbers Mark     CA original E - prescription strength  cetirizinef cetirizine  EUN D) E D ydrochloride taBl     400  Tablets 15335         P RCuD - antihistamine         Allergy E",Compare to Zyrtec“active ingredient「  必 original prescription strength  日 日 自 ss 4 hydrochloride tablets 10 mg  antihistamine  Indoor & Outdoor Allergies 24 hour relief of:  * Sneezing * Runny nose  园 L t  “ ltchy throat or nose     comparete zynee 。 Compareto zyriec activeineredient activeingredient  eneas 朗  7 ongnl E E  【 【  O 5 E E varoolonde 坤 霁     400  Tablets 暑麝彗… ` E         E anthtstnnt,78,17,24,26,33,29,27,37,4,18,20
images/900 (9).jpg,"|Sleep Aid  | Diphenhydramine HCI 25 mg  B EL L G e n e B E T | « Safe, non-habit forming  Y  MINI-CAPLETS . .  NIGHTTIME  [ G LTl P L EL","| Sleep Aid  | Diphenhydramine HCI 25 mg  TS « Doés not contain pain reliever | « Safe, non-habit forming  UU  MIR  NIGHTTIME  P E LR CLUN L ESL active ingredient#","| Sleep Aid  | Diphenhydramine HCI 25 mg  AE ERe * Does not contain pain reliever | eSafe, non-habit forming:  u  NE  NIGHTTIME  PE A active ingredient**",1  | Diphenhydramine HCI 25 mg  | zuETeEuUUDicu i Doss not confain painreliever | safeinon-hiabitformingl  L  MINIECAPLETS w 疫  NIGHTTIME  E active ingredientt,31,25,27,26,17,21,27,29,24,25,19
images/94. 1979_z.jpg,e ey  Relief of; Sneezing  Ruzny Nose 3 65  [ LCIE 57 28 ltchy Throat or Nose L,M Strength  LS Sneezing  Ruzny Nose 3 65  L L CG SE E LUE LI RIN =,"U ae D IT  EO Sneezing  Ruzny Nose 3 65  Itchy, E7 FEO eA ANAN e",AELD E  u S″蹿Z′″g  E `3)6^贯  lldyy Matery Eyes 5 y n,17,26,33,24,33,44,26,33,50,44,17
images/00747705_dghl_lowdoseaspirin_120ct.jpg,[&Te ol 2018 EREIRER RN  Compare to | DL ) acive ngredient of  Aspirin 81 mg  Pain Reliever (NSAID)  Rl e * Aspirin regimen Actual Tablet Size,ÉÉ e 0 E EN RRN S ESSE VANENNAA  Compareto } PLN TS 1 e) t ingredien of  PL ESE mg  Pain Reliever (NSAID)  L « Aspirin regimen PEN,a PP TA NNN  Compareto — | DG'|health acive ingedient ol  Aspirin 81 J  [ T S( E  a D TA T Actual Tablet Size,s 1 尽 A ASSNSS  「` Compareto _ | u P  Aspirin s1 mg  Pain Reliever (NSAID)  z Ba 【omouuupyyr,29,29,24,27,32,24,27,27,10,18,25
images/94. essential%2boils.jpg,VN EER T Y Hseta R4l N Allergy Bomb,We |ove +he Miracle Pil] A Allergy Bombl,We love +he Miracle Pill TA AEA,We _oVe +he 国 AKA 1,8,32,35,32,30,30,30,18,27,28,22
images/900 (2).jpg,"Compare to Claritin™'  AL & SAVE!           N  s  §o Loratadine Orally Disintegrating Tablet, 10mg §i Antihistamine  X Non-Drowsy’Allergy Relief  "" Relief of % e Sneezing u » Runny Nose y Eyes  o Itchy, Waten ose & Throat  J HOUR < itching of N  sarkof Schering Corporation  (720 WL  orally  60 bs PP C 4 LELIES         $Clrtn® s registred adem:","Compare to Claritin""*  TURTE) 471/#           s%  $  Èv Loratadine Orally Disintegrating Tablet, 10mg ä* Antihistamine  S Non-Drowsy*Allergy Relief  A Relief of % e Sneezing ü « Runny Nose y Eyes  « Itchy, Water jose & Throat  _ HOUR . itching of N  arkof Scherng Corporation  Fresh Mint  PEN  60 b8 Disintegrating G pn         4 Clartin® sà reistered trader","Compare to Claritin""'  ENE |7           u  S  $e Loratadine Orally Disintegrating Tablet, 10mg %¿ Antihistamine  N Non-Drowsy""Allergy Relief  . Relief of X * Sneezing u * Runny Nose y Eyes  e Itchy, Water ose 8: Throat  - HOUR - itching 0f N  arkcof Schering Corporatin  77 TA  D  60 b8 Disintegrating v Tablets         +Claritin? s rgistereo tadem",夏鲁胥TEs 【clxil c″…″″a/e E 霆'a去发′/″叶 E 一 L  Moufhl         逞荨  宁  羹塞 Loratadine Orally Disintegrating Tablet 100m9 姜工 Antihistamine  羹爹 Non-Drowsy“Allergy Relief  / - A  Relief of 昊 * Sneezin * Ru门门〉 W副e吖 Ey  e5 ~ HOUR …h…g of Nose & Throat  Hounirgangsetuntretoeoum0poo,58,27,10,31,31,38,25,43,23,18,15
images/900 (7).jpg,"NEW NON-DROWSY  « Nausea relief for travel, morning sickness & chemotherapy  * Drug free  NEW NON-DROWSY  « Nausea relief for travel, morning sickness & chemotherapy  * Drug free  at  at","NEW NON-DROWSY  « Nausea relief for travel, morning sickness & chemotherapy  « Drugfree  NEW NON-DROWSY  « Nausea relief for travel, morning sickness & chemotherapy  « Drugfree  at  at","NEW NON-DROWSY  + Nausea relief for travel, morning sickness 8 chemotherapy  * Drug free  NEW NON-DROWSY  * Nausearelief for travel, morning sickness 4 chemotherapy  * Drug free  at  at",NEW NON-DROWSY  “Nausearelieffortravel morning siekness & chemotherapy  “ Drugree  NEW NON-DROWSY  。Nausearelieffortravel morninglsickness & chemotherapy  “ Drug ree     2t  2t,28,29,22,22,17,20,30,30,28,20,17
images/97. childrens-zyrtec-e1521575754920.jpg,Y | SN A g ' Relief of: T,Jl Non-Drowsy' ÀA RU OEOE TT,»i TEO A U TT,广 口 w 朐 J L 日,6,22,25,21,29,54,25,25,25,25,29
images/2559x2128.jpg,"natural pain relieving gel  7  NetWi. 8oz, ga70¢d",natural pain relieving gel  7  NetWt 802 22720,natural pain relieving gel  f  Net Wi.8 0z O,一,8,28,41,33,33,33,39,37,37,20,24
images/97. 61my0sbrk6l._sl1000_.jpg,g h“’  NDC 62795-1011-2  O  ALLERGY  Allergy Relief Tablets  Relieves: * Runny Nose  * Watery Eyes due to Hayfever * Mild Skin Rashes & Hives  “oveommic 400 Tablets  | —,sr —'*'  NDC 62795-1011-2  BHl |  ALLERGY  Allergy Relief Tablets  Relieves: » Runny Nose  ® Watery Eyes due to Hayfever » Mild Skin Rashes & Hives  “oveoPsTHo — 100 Tablets  ——,"""a —'º'  NDC 62795-1011-2  BHI |  ALLERGY  Allergy Relief Tablets  Relieves: * Runny Nose  * Watery Eyes due to Hayfever * Mild Skin Rashes 8 Hives  omEoPamio — 400 Tablets  —",P 一 心  NDC 62795-1011-2  G  ALLERCY  Allergy Relief Tfablets  Re'/e〉eS′′ 巳 Runny Nose *Watery Eyes due to Hayfever “Mild Skin Rashes & Hives  HOMEOpArhic 100 Tablets  b e,31,25,19,30,21,29,35,42,32,25,25
images/841539.jpg,EASEaCOLD  Paracetamol&Phenylephrine  MULTI  SYMPTOM RELIES  20 Non-Drowsy tablets Each tablet contains:  PARACETAMOL 500mg and PHENYLEPHRINE HYDROCHLORIDE 5mg,EASEACOLD  Paracetamol&Phenylephrine  MULTI  SYMPTOM REDEG  20 Non-Drowsy tablets Each tablet contains:  PARACETAMOL 500mg and PHENYLEPHRINE HYDROCHLORIDE 5mg,EASERCOLD  Paracetamol¿ Phenylephrine  MULTI  SYMPTOM REF TE  20 Non-Drowsy tablets Each tablet contains:  PARACETAMOL 500mg and PHENYLEPHRINE HYDROCHLORIDE 5mg,EfAS5FE3aCOLD  Paracetamol&Pheny/lephrine  MUL T  SYMPTOANM ARELE 月  zo Non-Drowsy tablets  Each tablet contains: PARACETAMOL 500mg  PHENYLEPHRINE HYDROCHLORIDE 5mg,17,18,19,17,25,30,26,22,16,25,15
images/900 (1).jpg,"RCI N (SIET T  Energerically Enhanced ™, Pure Warer By     NDC# 57955-6044.2 HOMEOPATHIC  Asthma  b Symptom Relief.  iINSTITUTE’     Shortness of Breath Wheezing  Tightness in Chest","CC OMN ETEN ETE  Energetically Enhanced'"", Pure Wacer Bae     NDC# 57955-6044-2 HOMEOPATHIC  Asthma  ue Symptom Relief.  ÎINSÏITUÏË     Shortness of Breath Wheezing  Tightness in Chest","Ea EE  Energetically Enhanced""!, Pure Warer Bazo     NDCE 57955.6044-2 HOMEOPATHIC.  Asthma  m SyMptom Relief.  iINSTITUÍE     Shortness of Breath Wheezing  Tightness in Chest","Safe & Natural Oral spray  etcly Enhancedn,pureWtergsi  0 Noogsressentta 5 HONEopWrMc  Asthma  刹 咤 “Symptom Relief.  】堇冀鬣""…矗魍阗 Shortness of Breath     WWheezing Tightness in Chest  F L 502",24,33,23,25,27,25,18,36,21,20,25
images/94. 2317917-center-1.jpg,"Economy Size  SENTRY  (Antihistamine) dramine HCI     SENTRY.  (Antihistamine) Diphenhydramine HCI Temporary relief of respiratory allergy symptoms: * Itching skin * Sneezing FOR USE IN DOGS ONLY * Itchy, watery eyes 100 TABLETS 25 mg each","140 516 110 M 1r4S  SENTRY  (Antihistamine) olfsionila-Ma [0     SENTRY.  (Antihistamine) Diphenhydramine HCI Temporary relief of respiratory allergy symptoms: * Itching skin * Sneezing FOR USE IN DOGS ONLY * Itchy, wateryeyes — 100 TABLETS 25 mg each","Ie S77  SENTRY  (Antihistamine) dramine HCI     SENTRY.  (Antihistamine) Diphenhydramine HCI Temporary relief of respiratory allergy symptoms: * Itching skin * Sneezing FOR USE IN DOGS ONLY * ltchy, watery eyes — 100 TABLETS 25 mg each","Economy Size  E 史  (Antihistamine) dramine HCI     E 史 0  (Antihistamine) Diphenhydramine HCI  Temporary relief of respiratory allergy symptoms:  ltching skin 。Sneezing FOR USEIJN D0GS 0NIY ltchy, watery eyes 100 fBLEI5 25m8 6",38,19,18,30,26,24,25,41,13,32,25
images/98. brand%20comparison%20update.png,Gluten Free Bread Brand Comparison        ‘LJ‘ . : Loaf Price¢5 35T $8 65]%5.63 | $7.41$5.53] $8.14 | $8.66  ® ® ®                                                  DPASNDAARANN NISDAANIN  /1 v X X v v X        ngredient information pulled 3/8/14,Gluten Free Bread Brand Comparison        ÏJ‘ ° ‘ Loaf Price 145 32 [ $ $8 65 | $5.63 | $7.41 | 85.53 | 88.14 | 88.66  S & ®                                                  NAPAAKANSNT MN SNDSDNN SN  / / X X / / %        ngredient information pulled 3/8/14,Gluten Free Bread Brand Comparison        Lj - - Loaf Price | ¿5 3215 $8 65 |$5.63 | $7.41 | $5.53 | $8.14 | $8.66  S S O                                                  ANAXRA NN DN SNAN  77 / x D. / / X        ngredient information pulled 3/8/14,G_uten Free Bread Brand COmpa…On                             X D 气 | 一 | 八 X 一 | 一 厉 着              a,44,6,24,25,28,22,25,24,24,17,19
images/96. natural-remedies-for-allergy-reliergies.png,HOME REMEDIES  MARKS FAST  1162 (1 PT) 473 ik,HOME REMEDIES  MARKS FAST  SIL020 P 073 m0,HOME REMEDIES  MARKS FAST  CLOza e aTS m,HOME REMEDIES  MARKS FAsT,8,31,19,24,29,38,26,24,24,24,18
images/99. 2-tablei-1.png,"TARRLE L TITLETUYTTITILY U WUy ITTAULE ATy il ToduLUViis     Organ-sp  Cutaneous Exanthems  Urticaria, angioedema  Fixed drug eruption  Pustules  Bullous  SIS  TEN  Cutaneous lupus Hematologic Hepatic Pulmonary Renal  Multiorgan reactions Anaphylaxis  DRESS  Serum sickness Systemic lupus erythematosus Vasculitis  Cl     al features  Diffuse fine macules and papules  Evolve over days after drug initiation Delayed-type hypersensitivity  Onset within minutes of drug initiation  Potential for anaphylaxis  Often IgE mediated  Hyperpigmented plaques  Recur at same skin or mucosal site  Acneiform  Acute generalized eczematous pustulosis (AGEP)  Tense blisters  Flaccid blisters  Fever, erosive stomatitis, ocular involvement, purpuric macules on face and trunk with <10% epidermal detachment  Similar features as SIS but >30% epidermal detachment  Mortality as high as 50%  Erythematous/scaly plaques in photodistribution  Hemolytic anemia, thrombocytopenia, granulocytopenia  Hepatitis, cholestatic jaundice  Pneumonitis, fibrosis  Interstitial nephritis, membranous glomerulonephritis  Urticaria/angioedema, bronchospasm, gastrointestinal symptoms, hypotension  IgE- and non-IgE-dependent reactions  Cutaneous eruption, fever, eosinophilia, hepatic dysfunction, lymphadenopathy  Urticaria, arthralgias, fever  Arthralgias, myalgias, fever, malaise  Cutaneous or visceral vasculitis  Examples of causative agents  Allopurinol, aminopenicillins, cephalosporins, antiepileptic agents, and antibacterial sulfonamides  TgE mediated: B-lactam antibiotics Bradykinin mediated: ACE-I  Tetracycline, NSAIDs, and carbamazepine  Acneiform: corticosteroids, sirolimus AGEP: antibiotics, calcium-channel blockers  Furosemide, vancomycin  Captopril, penicillamine  Antibacterial sulfonamides, anticonvulsants, oxicam NSAIDs, and allopurinol  Same as SIS  Hydrochlorothiazide, calcium-channel blockers, ACE-Is Penicillin, quinine, sulfonamides  Para-aminosalacylic acid, sulfonamides, phenothiazines  Nitrofurantoin, bleomycin, methotrexate  Penicillin, sulfonamides, gold, penicillamine, allopurinol  p-Lactam antibiotics, mAbs  Anticonvulsants, sulfonamides, minocycline, allopurinol  Heterologous antibodies, infliximab Hydralazine, procainamide, isoniazid Hydralazine, penicillamine, propylthiouracil","AAA RE ES E TI GS E RE A S NN A GNE NN G CEIN S     Organ-sp  Cutaneous Exanthems  Urticaria, angioedema  Fixed drug eruption  Pustules  Bullous  SIs  TEN  Cutaneous lupus Hematologic Hepatic Pulmonary Renal  Multiorgan reactions Anaphylaxis  DRESS  Serum sickness Systemic lupus erythematosus Vasculitis  cl     al features  Diffuse fine macules and papules  Evolve over days after drug initiation Delayed-type hypersensitivity  Onset within minutes of drug initiation  Potential for anaphylaxis  Often IgE mediated  Hyperpigmented plaques  Recur at same skin or mucosal site  Acneiform  Acute generalized eczematous pustulosis (AGEP)  Tense blisters  Flaccid blisters  Fever, erosive stomatitis, ocular involvement, purpuric macules on face and trunk with <10% epidermal detachment  Similar features as SIS but >30% epidermal detachment  Mortality as high as 50%  Erythematous/scaly plaques in photodistribution  Hemolytic anemia, thrombocytopenia, granulocytopenia  Hepatitis, cholestatic jaundice  Pneumonitis, fibrosis  Interstitial nephritis, membranous glomerulonephritis  Urticaria/angioedema, bronchospasm, gastrointestinal symptoms, hypotension  IgE- and non-IgE-dependent reactions  Cutaneous eruption, fever, eosinophilia, hepatic dysfunction, lymphadenopathy  Urticaria, arthralgias, fever  Arthralgias, myalgias, fever, malaise  Cutaneous or visceral vasculitis  Examples of causative agents  Allopurinol, aminopenicillins, cephalosporins, antiepileptic agents, and antibacterial sulfonamides  TgE mediated: B-lactam antibiotics Bradykinin mediated: ACE-T  Tetracycline, NSAIDs, and carbamazepine  Acneiform: corticosteroids, sirolimus AGEP: antibioties, calcium-channel blockers  Furosemide, vancomycin  Captopril, penicillamine  Antibacterial sulfonamides, anticonvulsants, oxicam NSAIDs, and allopurinol  Same as SIS  Hydrochlorothiazide, calcium-channel blockers, ACE-Is Penicillin, quinine, sulfonamides  Para-aminosalacylic acid, sulfonamides, phenothiazines  Nitrofurantoin, bleomycin, methotrexate  Penicillin, sulfonamides, gold, penicillamine, allopurinol  B-Lactam antibiotics, mAbs  Anticonvulsants, sulfonamides, minocycline, allopurinol  Heterologous antibodies, infliximab Hydralazine, procainamide, isoniazid Hydralazine, penicillamine, propylthiouracil","i - A A =     Organ-sp  Cutaneous Exanthems  Urticaria, angioedema  Fixed drug eruption  Pustules  Bullous  SIS  TEN  Cutaneous lupus Hematologic Hepatic Pulmonary Renal  Multiorgan reactions Anaphylaxis  DRESS  Serum sickness Systemic lupus erythematosus Vasculitis  el     al features  Diffuse fine macules and papules  Evolve over days after drug initiation Delayed-type hypersensitivity  Onset within minutes of drug initiation  Potential for anaphylaxis  Often TgE mediated  Hyperpigmented plaques  Recur at same skin or mucosal site  Acneiform  Acute generalized eczematous pustulosis (AGEP)  Tense blisters  Flaccid blisters  Fever, erosive stomatitis, ocular involvement, purpuric macules on face and trunk with <10% epidermal detachment  Similar features as SIS but >30% epidermal detachment  Mortality as high as 50%  Erythematous/scaly plaques in photodistribution  Hemolytic anemia, thrombocytopenia, granulocytopenia  Hepatitis, cholestatic jaundice  Pneumonitis, fibrosis  Tnterstitial nephritis, membranous glomerulonephritis  Urticaria/angioedema, bronchospasm, gastrointestinal symptoms, hypotension  TgE- and non-IgE-dependent reactions  Cutaneous eruption, fever, eosinophilia, hepatic dysfunction, lymphadenopathy  Urticaria, arthralgias, fever  Arthralgias, myalgias, fever, malaise  Cutaneous or visceral vasculitis  Examples of causative agents  Allopurinol, aminopenicillins, cephalosporins, antiepileptic agents, and antibacterial sulfonamides  TgE mediated: P-lactam antibiotics Bradykinin mediated: ACE-I  Tetracycline, NSAIDs, and carbamazepine  Acneiform: corticosteroids, sirolimus AGEP: antibiotics, calcium-channel blockers  Furosemide, vancomycin  Captopril, penicillamine  Antibacterial sulfonamides, anticonvulsants, oxicam NSAIDs, and allopurinol  Same as SIS  Hydrochlorothiazide, calcium-channel blockers, ACE-Is Penicillin, quinine, sulfonamides  Para-aminosalacylic acid, sulfonamides, phenothiazines  Nitrofurantoin, bleomycin, methotrexate  Penicillin, sulfonamides, gold, penicillamine, allopurinol  B-Lactam antibiotics, MAbs  Anticonvulsants, sulfonamides, minocycline, allopurinol  Heterologous antibodies, infliximab Hydralazine, procainamide, isoniazid Hydralazine, penicillamine, propylthiouracil","auieuucuulullduuiiuleiiluiuculutlhutuul     Organ-sp  Cutaneous Bxanthems  Urticaria angioedema  Fixed drug eruption  Pustules  Bullous  E  TBN  Cutaneous Iupus Hematologic Hepatic Pulmonary Renal  Multiorgan reactions Anaphylaxis  DRESS  Serum sickmess Systemic Iupus erythematosus Vasculitis  C     al features  Diffuse fime macules and papules  Bvolye over days after drug initiation Delayed-type hypersensitivity  Onset within minutes of drug initiation  Potential for anaphylaxis  Often IgB mediated  Hyperpigmented plaques  Recur at Same sKin or mucosal site  Acneiforml  Acute generalized eczematous pustulosis (AGBP)  Tense blisters  Flaccid blisters  Feven erosive stomatitis ocular inyolyement purpuric macules on face and trunk with <10 epidermal detachment  Similar features as SJS but >30%8 epidermal detachment  Mortality as high as 5090  Brythematouslscaly plaques in photodistribution  Hemolytic anemia, thrombocytopenia, gianulocytopenia  Hiepatitis cholestatic jaundice  Pneumonitis fibrosis  Interstitial nephritis membranous glomerulonephritis  Urticariaangioedema, bronchospasm, gastrointestinal symptoms hypotension  T8B- and non~IgB-dependent reactions  Cutaneous eruptiom fever eosinophilia hepatic dysfunction, Iymphadenopathy  Urticaria arthralgias fever  Authralgias myalgias feven Imalaise  Cutaneous or visceral vasculitis  Examples of causative agents  Allopurinol aminopenicillins cephalosporing antiepileptic 28ents, and antibacterial sulfonamides  I8B mediated: B-lactam antibiotics BiadyKinin mediated: ACB-T  Tetracycline, NSAJDs and carbamazepine  Acneiform: corticosteroids sirolimus AGBP: antibiotics calcium-channsl blockers  Furosemide vancomycin  Captopril penicillamine  Antibacterial suifonamides anticonyulsants oxicam NSAJDs and allopurinol  Same as S]S  Hydrochiorothiazide calcium-channel blockers ACB-Is Penicillin, quinine, sulfonamides  Para-aminosalacylic acid sulfonamides, phenothiazines  Nitrofurantoin, bleomycin methotrexate  Penicillin sulfonamides gold, penicillamine, allopurinol  B-Lactam antibiotics mAbs  Anticonyulsants, sulfonamides minocycline, allopurinol  Hieterologous antibodies infiximab Hydralazine, procainamide isoniazid Hydralazine penicillamine, propylthiouracil",243,6,5,30,21,24,29,20,12,16,4
images/87215a47-8ad4-4d99-a781-0d19225e0de4_1.f1e9b8ec2b157cf168fa77f3b729bbc5.jpeg,"NDC 49035-612-12  equate-     Non-Drowsy*  Allergy Relief  Loratadine Tablets, 10mg/Antihistamine  Incdoeor aned Outcdoer Allergies  Sneezing  Runny nose  Itchy, watery eyes Itchy throat or nose  Original Prescription Strength  *When taken as directed. See Drug Facts Panel.  P AV e ;» L  Actual Size","NDC 49035-612-72  equate”     Non-Drowsy*  Allergy Relief  el e:1é-fe 11F 0) [1N 10mg/Antihistamine  Indoor and Outaloer Allergies  Sneezing  EU A TaNMa e X  Itchy, watery eyes Itchy throat or nose  Original Prescription Strength  *When taken as directed. TD UN 7 Ts e T1 TIR  Pn ten ( Ll  Actual Size","NDC 49035-612-72  equate""     Non-Drowsy*  Allergy Relief  Loratadine Tablets, 10mg/Antihistamine  Indoor and Outdoor Allergies  Sneezing  Runny nose  Itchy, watery eyes Itchy throat or nose  Original Prescription Strength  *When taken as directed. See Drug Facts Panel.  AEA Y -  [raci AZ","ND(49055-612-72  CdUU te“     Non-Drowsy*  Allergy Relief  Loratadine Tablets, 1O0mg/Antihistamine  Indoor and Outdoor Allergies  Sneezing  Runny nose  Iltchy, watery eyes Iltchy throat or nose  Original Prescription Strength  *When taken as directed. See Drug Facts Panel.",49,25,11,32,16,31,25,29,21,3,16
images/40362e47-9a5d-44f0-b312-9205ca0d20ef_1.a015e61d9e2180a0b39085e613ae0b51.jpeg,P e  equate”         Indecr and Outdoor Allergles  l.!cllef of:  : 24 HOUR,REh ronai e  equate”         Indecr and Outdoor Allergles  l}ollef et  : 24 HOUR,| CONVENIENT BOTTLE  equate         Indeer and Outdoor Allergles  |_¡ol|ef ef  : 24 HOUR,NVENIENT BOTTLE  eduat te删       Indecr and Outdocor Allergles  习 小  HOUR  Rellef cf:,13,22,27,31,39,30,34,29,34,22,26
images/97. 87215a47-8ad4-4d99-a781-0d19225e0de4_1.f1e9b8ec2b157cf168fa77f3b729bbc5.jpeg,"NDC 49035-612-12  equate-     Non-Drowsy*  Allergy Relief  Loratadine Tablets, 10mg/Antihistamine  Incdoeor aned Outcdoer Allergies  Sneezing  Runny nose  Itchy, watery eyes Itchy throat or nose  Original Prescription Strength  *When taken as directed. See Drug Facts Panel.  P AV e ;» L  Actual Size","NDC 49035-612-72  equate”     Non-Drowsy*  Allergy Relief  el e:1é-fe 11F 0) [1N 10mg/Antihistamine  Indoor and Outaloer Allergies  Sneezing  EU A TaNMa e X  Itchy, watery eyes Itchy throat or nose  Original Prescription Strength  *When taken as directed. TD UN 7 Ts e T1 TIR  Pn ten ( Ll  Actual Size","NDC 49035-612-72  equate""     Non-Drowsy*  Allergy Relief  Loratadine Tablets, 10mg/Antihistamine  Indoor and Outdoor Allergies  Sneezing  Runny nose  Itchy, watery eyes Itchy throat or nose  Original Prescription Strength  *When taken as directed. See Drug Facts Panel.  AEA Y -  [raci AZ","ND(49055-612-72  CdUU te“     Non-Drowsy*  Allergy Relief  Loratadine Tablets, 1O0mg/Antihistamine  Indoor and Outdoor Allergies  Sneezing  Runny nose  Iltchy, watery eyes Iltchy throat or nose  Original Prescription Strength  *When taken as directed. See Drug Facts Panel.",49,25,11,32,16,31,25,29,21,3,16
